EmployeeNumber,Age,Department,JobRole,Cluster,Attrition_Probability,Priority,Num_Actions,Recommendations
1,41,Sales,Sales Executive,1,0.8495328339922251,URGENT,14, RISQUE ÉLEVÉ D'ATTRITION | → Entretien individuel immédiat avec le manager | → Révision salariale prioritaire | → Plan de rétention personnalisé |  Équilibre vie-travail insuffisant | → Réduction des heures supplémentaires | → Télétravail ou horaires flexibles | → Programme de bien-être |  Surcharge de travail détectée | → Redistribution de la charge de travail | → Embauche d'un support supplémentaire |  Formation insuffisante | → Programme de formation continue | → Certifications professionnelles
2,49,Research & Development,Research Scientist,0,0.020600422049104384,Normal,3, Profil stable | → Maintenir les conditions actuelles | → Suivi de routine
4,37,Research & Development,Laboratory Technician,1,0.8407450262164332,URGENT,7, RISQUE ÉLEVÉ D'ATTRITION | → Entretien individuel immédiat avec le manager | → Révision salariale prioritaire | → Plan de rétention personnalisé |  Salaire en dessous de la moyenne | → Révision salariale recommandée | → Bonus ou avantages supplémentaires
5,33,Research & Development,Research Scientist,1,0.13170122346742913,Normal,3, Profil stable | → Maintenir les conditions actuelles | → Suivi de routine
7,27,Research & Development,Laboratory Technician,1,0.08616805089342901,Normal,3, Insatisfaction environnement de travail | → Amélioration des conditions de travail | → Changement d'équipe ou de bureau
8,32,Research & Development,Laboratory Technician,1,0.01324554601844247,Normal,3, Profil stable | → Maintenir les conditions actuelles | → Suivi de routine
10,59,Research & Development,Laboratory Technician,1,0.07045528005903479,Normal,7, Satisfaction au travail faible | → Évaluation des tâches et responsabilités | → Possibilité de changement de rôle ou projet | → Formation pour développement de compétences |  Surcharge de travail détectée | → Redistribution de la charge de travail | → Embauche d'un support supplémentaire
11,30,Research & Development,Laboratory Technician,1,0.055482818029185685,Normal,3, Distance domicile-travail importante | → Télétravail partiel ou complet | → Aide au transport
12,38,Research & Development,Manufacturing Director,0,0.024171107506258217,Normal,3, Distance domicile-travail importante | → Télétravail partiel ou complet | → Aide au transport
13,36,Research & Development,Healthcare Representative,0,0.02524190594723925,Normal,7, Stagnation de carrière | → Plan de développement de carrière | → Évaluation pour promotion | → Nouvelles responsabilités |  Distance domicile-travail importante | → Télétravail partiel ou complet | → Aide au transport
14,35,Research & Development,Laboratory Technician,1,0.008998822911065154,Normal,3, Insatisfaction environnement de travail | → Amélioration des conditions de travail | → Changement d'équipe ou de bureau
15,29,Research & Development,Laboratory Technician,1,0.02226805746576403,Normal,3, Salaire en dessous de la moyenne | → Révision salariale recommandée | → Bonus ou avantages supplémentaires
16,31,Research & Development,Research Scientist,1,0.010558651907174107,Normal,9, Insatisfaction environnement de travail | → Amélioration des conditions de travail | → Changement d'équipe ou de bureau |  Formation insuffisante | → Programme de formation continue | → Certifications professionnelles |  Distance domicile-travail importante | → Télétravail partiel ou complet | → Aide au transport
18,34,Research & Development,Laboratory Technician,1,0.019938634794123267,Normal,3, Profil stable | → Maintenir les conditions actuelles | → Suivi de routine
19,28,Research & Development,Laboratory Technician,1,0.9757672563339498,URGENT,10, RISQUE ÉLEVÉ D'ATTRITION | → Entretien individuel immédiat avec le manager | → Révision salariale prioritaire | → Plan de rétention personnalisé |  Salaire en dessous de la moyenne | → Révision salariale recommandée | → Bonus ou avantages supplémentaires |  Distance domicile-travail importante | → Télétravail partiel ou complet | → Aide au transport
20,29,Research & Development,Manufacturing Director,0,0.012676165907122923,Normal,14, Satisfaction au travail faible | → Évaluation des tâches et responsabilités | → Possibilité de changement de rôle ou projet | → Formation pour développement de compétences |  Stagnation de carrière | → Plan de développement de carrière | → Évaluation pour promotion | → Nouvelles responsabilités |  Formation insuffisante | → Programme de formation continue | → Certifications professionnelles |  Distance domicile-travail importante | → Télétravail partiel ou complet | → Aide au transport
21,32,Research & Development,Research Scientist,1,0.00744820227917314,Normal,6, Surcharge de travail détectée | → Redistribution de la charge de travail | → Embauche d'un support supplémentaire |  Insatisfaction environnement de travail | → Amélioration des conditions de travail | → Changement d'équipe ou de bureau
22,22,Research & Development,Laboratory Technician,1,0.043877730697889694,Normal,3, Surcharge de travail détectée | → Redistribution de la charge de travail | → Embauche d'un support supplémentaire
23,53,Sales,Manager,0,0.006081934883497856,Normal,3, Insatisfaction environnement de travail | → Amélioration des conditions de travail | → Changement d'équipe ou de bureau
24,38,Research & Development,Research Scientist,1,0.020837938140620536,Normal,3, Profil stable | → Maintenir les conditions actuelles | → Suivi de routine
26,24,Research & Development,Manufacturing Director,1,0.003726018150886827,Normal,6, Insatisfaction environnement de travail | → Amélioration des conditions de travail | → Changement d'équipe ou de bureau |  Salaire en dessous de la moyenne | → Révision salariale recommandée | → Bonus ou avantages supplémentaires
27,36,Sales,Sales Representative,1,0.8571547053054799,URGENT,8, RISQUE ÉLEVÉ D'ATTRITION | → Entretien individuel immédiat avec le manager | → Révision salariale prioritaire | → Plan de rétention personnalisé |  Satisfaction au travail faible | → Évaluation des tâches et responsabilités | → Possibilité de changement de rôle ou projet | → Formation pour développement de compétences
28,34,Research & Development,Research Director,0,0.01831410643772674,Normal,3, Insatisfaction environnement de travail | → Amélioration des conditions de travail | → Changement d'équipe ou de bureau
30,21,Research & Development,Research Scientist,1,0.054614580266301276,Normal,3, Salaire en dessous de la moyenne | → Révision salariale recommandée | → Bonus ou avantages supplémentaires
31,34,Research & Development,Research Scientist,1,0.3485083303359875,Moyen,6, RISQUE MOYEN D'ATTRITION | → Suivi régulier avec le manager |  Satisfaction au travail faible | → Évaluation des tâches et responsabilités | → Possibilité de changement de rôle ou projet | → Formation pour développement de compétences
32,53,Research & Development,Manager,0,0.011234416241883231,Normal,3, Profil stable | → Maintenir les conditions actuelles | → Suivi de routine
33,32,Research & Development,Research Scientist,1,0.9566965625645084,URGENT,15, RISQUE ÉLEVÉ D'ATTRITION | → Entretien individuel immédiat avec le manager | → Révision salariale prioritaire | → Plan de rétention personnalisé |  Satisfaction au travail faible | → Évaluation des tâches et responsabilités | → Possibilité de changement de rôle ou projet | → Formation pour développement de compétences |  Stagnation de carrière | → Plan de développement de carrière | → Évaluation pour promotion | → Nouvelles responsabilités |  Faible implication au travail | → Projets stimulants et motivants | → Reconnaissance et valorisation
35,42,Sales,Sales Executive,1,0.024436286804442223,Normal,3, Profil stable | → Maintenir les conditions actuelles | → Suivi de routine
36,44,Research & Development,Healthcare Representative,0,0.03854279765939079,Normal,3, Insatisfaction environnement de travail | → Amélioration des conditions de travail | → Changement d'équipe ou de bureau
38,46,Sales,Manager,0,0.007198820875967115,Normal,4, Satisfaction au travail faible | → Évaluation des tâches et responsabilités | → Possibilité de changement de rôle ou projet | → Formation pour développement de compétences
39,33,Research & Development,Laboratory Technician,1,0.06024393384490003,Normal,3, Profil stable | → Maintenir les conditions actuelles | → Suivi de routine
40,44,Research & Development,Healthcare Representative,1,0.008953934328908989,Normal,3, Profil stable | → Maintenir les conditions actuelles | → Suivi de routine
41,30,Research & Development,Laboratory Technician,1,0.032739122413427316,Normal,3, Salaire en dessous de la moyenne | → Révision salariale recommandée | → Bonus ou avantages supplémentaires
42,39,Sales,Sales Representative,1,0.7536975129872088,URGENT,7, RISQUE ÉLEVÉ D'ATTRITION | → Entretien individuel immédiat avec le manager | → Révision salariale prioritaire | → Plan de rétention personnalisé |  Salaire en dessous de la moyenne | → Révision salariale recommandée | → Bonus ou avantages supplémentaires
45,24,Research & Development,Research Scientist,1,0.8764915661925733,URGENT,10, RISQUE ÉLEVÉ D'ATTRITION | → Entretien individuel immédiat avec le manager | → Révision salariale prioritaire | → Plan de rétention personnalisé |  Surcharge de travail détectée | → Redistribution de la charge de travail | → Embauche d'un support supplémentaire |  Salaire en dessous de la moyenne | → Révision salariale recommandée | → Bonus ou avantages supplémentaires
46,43,Research & Development,Research Scientist,1,0.004150007321203828,Normal,3, Profil stable | → Maintenir les conditions actuelles | → Suivi de routine
47,50,Sales,Sales Representative,1,0.968355315115652,URGENT,7, RISQUE ÉLEVÉ D'ATTRITION | → Entretien individuel immédiat avec le manager | → Révision salariale prioritaire | → Plan de rétention personnalisé |  Insatisfaction environnement de travail | → Amélioration des conditions de travail | → Changement d'équipe ou de bureau
49,35,Sales,Sales Representative,1,0.019593146137081217,Normal,3, Salaire en dessous de la moyenne | → Révision salariale recommandée | → Bonus ou avantages supplémentaires
51,36,Research & Development,Research Scientist,1,0.05713814840853786,Normal,4, Satisfaction au travail faible | → Évaluation des tâches et responsabilités | → Possibilité de changement de rôle ou projet | → Formation pour développement de compétences
52,33,Sales,Sales Executive,1,0.02173297296954617,Normal,4, Satisfaction au travail faible | → Évaluation des tâches et responsabilités | → Possibilité de changement de rôle ou projet | → Formation pour développement de compétences
53,35,Research & Development,Laboratory Technician,1,0.028357515472761226,Normal,3, Salaire en dessous de la moyenne | → Révision salariale recommandée | → Bonus ou avantages supplémentaires
54,27,Research & Development,Laboratory Technician,1,0.028759493741861552,Normal,7, Satisfaction au travail faible | → Évaluation des tâches et responsabilités | → Possibilité de changement de rôle ou projet | → Formation pour développement de compétences |  Salaire en dessous de la moyenne | → Révision salariale recommandée | → Bonus ou avantages supplémentaires
55,26,Research & Development,Laboratory Technician,1,0.957285424409855,URGENT,16, RISQUE ÉLEVÉ D'ATTRITION | → Entretien individuel immédiat avec le manager | → Révision salariale prioritaire | → Plan de rétention personnalisé |  Insatisfaction environnement de travail | → Amélioration des conditions de travail | → Changement d'équipe ou de bureau |  Salaire en dessous de la moyenne | → Révision salariale recommandée | → Bonus ou avantages supplémentaires |  Distance domicile-travail importante | → Télétravail partiel ou complet | → Aide au transport |  Faible implication au travail | → Projets stimulants et motivants | → Reconnaissance et valorisation
56,27,Sales,Sales Executive,0,0.019128457676983162,Normal,3, Formation insuffisante | → Programme de formation continue | → Certifications professionnelles
57,30,Research & Development,Laboratory Technician,0,0.031133345259321252,Normal,3, Salaire en dessous de la moyenne | → Révision salariale recommandée | → Bonus ou avantages supplémentaires
58,41,Research & Development,Research Director,0,0.8662964186828822,URGENT,11, RISQUE ÉLEVÉ D'ATTRITION | → Entretien individuel immédiat avec le manager | → Révision salariale prioritaire | → Plan de rétention personnalisé |  Stagnation de carrière | → Plan de développement de carrière | → Évaluation pour promotion | → Nouvelles responsabilités |  Formation insuffisante | → Programme de formation continue | → Certifications professionnelles
60,34,Sales,Sales Executive,0,0.023019048824129067,Normal,10, Stagnation de carrière | → Plan de développement de carrière | → Évaluation pour promotion | → Nouvelles responsabilités |  Salaire en dessous de la moyenne | → Révision salariale recommandée | → Bonus ou avantages supplémentaires |  Distance domicile-travail importante | → Télétravail partiel ou complet | → Aide au transport
61,37,Research & Development,Research Scientist,1,0.04620326553662,Normal,3, Formation insuffisante | → Programme de formation continue | → Certifications professionnelles
62,46,Sales,Sales Executive,0,0.04832067089408939,Normal,3, Insatisfaction environnement de travail | → Amélioration des conditions de travail | → Changement d'équipe ou de bureau
63,35,Research & Development,Laboratory Technician,1,0.009071917418318375,Normal,3, Salaire en dessous de la moyenne | → Révision salariale recommandée | → Bonus ou avantages supplémentaires
64,48,Research & Development,Laboratory Technician,1,0.8202138677351916,URGENT,10, RISQUE ÉLEVÉ D'ATTRITION | → Entretien individuel immédiat avec le manager | → Révision salariale prioritaire | → Plan de rétention personnalisé |  Insatisfaction environnement de travail | → Amélioration des conditions de travail | → Changement d'équipe ou de bureau |  Salaire en dessous de la moyenne | → Révision salariale recommandée | → Bonus ou avantages supplémentaires
65,28,Research & Development,Laboratory Technician,1,0.8123331839631323,URGENT,7, RISQUE ÉLEVÉ D'ATTRITION | → Entretien individuel immédiat avec le manager | → Révision salariale prioritaire | → Plan de rétention personnalisé |  Surcharge de travail détectée | → Redistribution de la charge de travail | → Embauche d'un support supplémentaire
68,44,Sales,Sales Executive,1,0.040608366643440426,Normal,7, Satisfaction au travail faible | → Évaluation des tâches et responsabilités | → Possibilité de changement de rôle ou projet | → Formation pour développement de compétences |  Surcharge de travail détectée | → Redistribution de la charge de travail | → Embauche d'un support supplémentaire
70,35,Research & Development,Healthcare Representative,1,0.014100706878573318,Normal,4, Satisfaction au travail faible | → Évaluation des tâches et responsabilités | → Possibilité de changement de rôle ou projet | → Formation pour développement de compétences
72,26,Sales,Sales Executive,1,0.055251427751675714,Normal,9, Surcharge de travail détectée | → Redistribution de la charge de travail | → Embauche d'un support supplémentaire |  Salaire en dessous de la moyenne | → Révision salariale recommandée | → Bonus ou avantages supplémentaires |  Distance domicile-travail importante | → Télétravail partiel ou complet | → Aide au transport
73,33,Research & Development,Research Director,0,0.03410023471089793,Normal,10, Insatisfaction environnement de travail | → Amélioration des conditions de travail | → Changement d'équipe ou de bureau |  Stagnation de carrière | → Plan de développement de carrière | → Évaluation pour promotion | → Nouvelles responsabilités |  Formation insuffisante | → Programme de formation continue | → Certifications professionnelles
74,35,Sales,Sales Executive,0,0.03515562468254752,Normal,4, Satisfaction au travail faible | → Évaluation des tâches et responsabilités | → Possibilité de changement de rôle ou projet | → Formation pour développement de compétences
75,35,Research & Development,Laboratory Technician,1,0.030756375710244668,Normal,7, Satisfaction au travail faible | → Évaluation des tâches et responsabilités | → Possibilité de changement de rôle ou projet | → Formation pour développement de compétences |  Distance domicile-travail importante | → Télétravail partiel ou complet | → Aide au transport
76,31,Research & Development,Laboratory Technician,1,0.011486584154755487,Normal,3, Profil stable | → Maintenir les conditions actuelles | → Suivi de routine
77,37,Research & Development,Manufacturing Director,1,0.00825438824990047,Normal,3, Insatisfaction environnement de travail | → Amélioration des conditions de travail | → Changement d'équipe ou de bureau
78,32,Research & Development,Manufacturing Director,0,0.01526695455266625,Normal,7, Insatisfaction environnement de travail | → Amélioration des conditions de travail | → Changement d'équipe ou de bureau |  Stagnation de carrière | → Plan de développement de carrière | → Évaluation pour promotion | → Nouvelles responsabilités
79,38,Research & Development,Laboratory Technician,0,0.02641107437261543,Normal,10, Stagnation de carrière | → Plan de développement de carrière | → Évaluation pour promotion | → Nouvelles responsabilités |  Salaire en dessous de la moyenne | → Révision salariale recommandée | → Bonus ou avantages supplémentaires |  Distance domicile-travail importante | → Télétravail partiel ou complet | → Aide au transport
80,50,Research & Development,Research Director,0,0.028128099094435203,Normal,7, Surcharge de travail détectée | → Redistribution de la charge de travail | → Embauche d'un support supplémentaire |  Stagnation de carrière | → Plan de développement de carrière | → Évaluation pour promotion | → Nouvelles responsabilités
81,59,Sales,Sales Executive,0,0.04897578635683535,Normal,17, Satisfaction au travail faible | → Évaluation des tâches et responsabilités | → Possibilité de changement de rôle ou projet | → Formation pour développement de compétences |  Insatisfaction environnement de travail | → Amélioration des conditions de travail | → Changement d'équipe ou de bureau |  Stagnation de carrière | → Plan de développement de carrière | → Évaluation pour promotion | → Nouvelles responsabilités |  Salaire en dessous de la moyenne | → Révision salariale recommandée | → Bonus ou avantages supplémentaires |  Distance domicile-travail importante | → Télétravail partiel ou complet | → Aide au transport
83,36,Research & Development,Healthcare Representative,0,0.013235268667314344,Normal,4, Stagnation de carrière | → Plan de développement de carrière | → Évaluation pour promotion | → Nouvelles responsabilités
84,55,Research & Development,Manager,1,0.010392660479929835,Normal,3, Profil stable | → Maintenir les conditions actuelles | → Suivi de routine
85,36,Research & Development,Manufacturing Director,1,0.024562626753387686,Normal,3, Profil stable | → Maintenir les conditions actuelles | → Suivi de routine
86,45,Research & Development,Research Scientist,1,0.014462607493148991,Normal,4, Satisfaction au travail faible | → Évaluation des tâches et responsabilités | → Possibilité de changement de rôle ou projet | → Formation pour développement de compétences
88,35,Research & Development,Research Scientist,1,0.026560129425785232,Normal,7, Satisfaction au travail faible | → Évaluation des tâches et responsabilités | → Possibilité de changement de rôle ou projet | → Formation pour développement de compétences |  Salaire en dessous de la moyenne | → Révision salariale recommandée | → Bonus ou avantages supplémentaires
90,36,Research & Development,Research Scientist,1,0.8248847248896922,URGENT,10, RISQUE ÉLEVÉ D'ATTRITION | → Entretien individuel immédiat avec le manager | → Révision salariale prioritaire | → Plan de rétention personnalisé |  Surcharge de travail détectée | → Redistribution de la charge de travail | → Embauche d'un support supplémentaire |  Formation insuffisante | → Programme de formation continue | → Certifications professionnelles
91,59,Sales,Sales Executive,1,0.04273576481667697,Normal,3, Insatisfaction environnement de travail | → Amélioration des conditions de travail | → Changement d'équipe ou de bureau
94,29,Research & Development,Research Scientist,1,0.006044096365665073,Normal,3, Profil stable | → Maintenir les conditions actuelles | → Suivi de routine
95,31,Research & Development,Research Scientist,1,0.10308955747360957,Normal,3, Profil stable | → Maintenir les conditions actuelles | → Suivi de routine
96,32,Research & Development,Research Scientist,1,0.008432069386801183,Normal,3, Profil stable | → Maintenir les conditions actuelles | → Suivi de routine
97,36,Research & Development,Laboratory Technician,1,0.007524129956064555,Normal,3, Profil stable | → Maintenir les conditions actuelles | → Suivi de routine
98,31,Research & Development,Manufacturing Director,1,0.011135613784282732,Normal,3, Salaire en dessous de la moyenne | → Révision salariale recommandée | → Bonus ou avantages supplémentaires
100,35,Sales,Sales Executive,0,0.02852865484897637,Normal,7, Satisfaction au travail faible | → Évaluation des tâches et responsabilités | → Possibilité de changement de rôle ou projet | → Formation pour développement de compétences |  Salaire en dessous de la moyenne | → Révision salariale recommandée | → Bonus ou avantages supplémentaires
101,45,Research & Development,Research Director,1,0.039003186957686155,Normal,4, Satisfaction au travail faible | → Évaluation des tâches et responsabilités | → Possibilité de changement de rôle ou projet | → Formation pour développement de compétences
102,37,Research & Development,Research Director,1,0.024232897233238026,Normal,3, Insatisfaction environnement de travail | → Amélioration des conditions de travail | → Changement d'équipe ou de bureau
103,46,Human Resources,Human Resources,1,0.08106034129939305,Normal,3, Profil stable | → Maintenir les conditions actuelles | → Suivi de routine
104,30,Research & Development,Laboratory Technician,1,0.014187517551724819,Normal,6, Surcharge de travail détectée | → Redistribution de la charge de travail | → Embauche d'un support supplémentaire |  Formation insuffisante | → Programme de formation continue | → Certifications professionnelles
105,35,Research & Development,Research Scientist,1,0.020439405789746692,Normal,3, Profil stable | → Maintenir les conditions actuelles | → Suivi de routine
106,55,Sales,Sales Executive,1,0.013116030784453697,Normal,3, Insatisfaction environnement de travail | → Amélioration des conditions de travail | → Changement d'équipe ou de bureau
107,38,Research & Development,Research Scientist,0,0.026022257823817323,Normal,3, Faible implication au travail | → Projets stimulants et motivants | → Reconnaissance et valorisation
110,34,Research & Development,Manufacturing Director,1,0.025263567914604573,Normal,6, Insatisfaction environnement de travail | → Amélioration des conditions de travail | → Changement d'équipe ou de bureau |  Salaire en dessous de la moyenne | → Révision salariale recommandée | → Bonus ou avantages supplémentaires
112,56,Research & Development,Manufacturing Director,0,0.022267751004332065,Normal,6, Salaire en dessous de la moyenne | → Révision salariale recommandée | → Bonus ou avantages supplémentaires |  Faible implication au travail | → Projets stimulants et motivants | → Reconnaissance et valorisation
113,23,Sales,Sales Representative,1,0.06517889705708214,Normal,4, Satisfaction au travail faible | → Évaluation des tâches et responsabilités | → Possibilité de changement de rôle ou projet | → Formation pour développement de compétences
116,51,Research & Development,Laboratory Technician,1,0.019908622820162487,Normal,3, Salaire en dessous de la moyenne | → Révision salariale recommandée | → Bonus ou avantages supplémentaires
117,30,Research & Development,Healthcare Representative,0,0.01185317478670101,Normal,7, Stagnation de carrière | → Plan de développement de carrière | → Évaluation pour promotion | → Nouvelles responsabilités |  Salaire en dessous de la moyenne | → Révision salariale recommandée | → Bonus ou avantages supplémentaires
118,46,Sales,Sales Executive,0,0.5012020726336619,Moyen,2, RISQUE MOYEN D'ATTRITION | → Suivi régulier avec le manager
119,40,Research & Development,Healthcare Representative,0,0.010370086967932386,Normal,4, Stagnation de carrière | → Plan de développement de carrière | → Évaluation pour promotion | → Nouvelles responsabilités
120,51,Sales,Sales Executive,1,0.09357045809969004,Normal,10, Équilibre vie-travail insuffisant | → Réduction des heures supplémentaires | → Télétravail ou horaires flexibles | → Programme de bien-être |  Surcharge de travail détectée | → Redistribution de la charge de travail | → Embauche d'un support supplémentaire |  Distance domicile-travail importante | → Télétravail partiel ou complet | → Aide au transport
121,30,Sales,Sales Executive,0,0.03188504431585981,Normal,3, Surcharge de travail détectée | → Redistribution de la charge de travail | → Embauche d'un support supplémentaire
124,46,Research & Development,Healthcare Representative,0,0.008801699397836356,Normal,11, Satisfaction au travail faible | → Évaluation des tâches et responsabilités | → Possibilité de changement de rôle ou projet | → Formation pour développement de compétences |  Surcharge de travail détectée | → Redistribution de la charge de travail | → Embauche d'un support supplémentaire |  Stagnation de carrière | → Plan de développement de carrière | → Évaluation pour promotion | → Nouvelles responsabilités
125,32,Sales,Sales Executive,0,0.06644721248349861,Normal,3, Formation insuffisante | → Programme de formation continue | → Certifications professionnelles
126,54,Research & Development,Research Director,1,0.013176972656288677,Normal,7, Équilibre vie-travail insuffisant | → Réduction des heures supplémentaires | → Télétravail ou horaires flexibles | → Programme de bien-être |  Insatisfaction environnement de travail | → Amélioration des conditions de travail | → Changement d'équipe ou de bureau
128,24,Sales,Sales Executive,1,0.023020002325634618,Normal,3, Insatisfaction environnement de travail | → Amélioration des conditions de travail | → Changement d'équipe ou de bureau
129,28,Sales,Sales Executive,1,0.010302909321628537,Normal,3, Salaire en dessous de la moyenne | → Révision salariale recommandée | → Bonus ou avantages supplémentaires
131,58,Sales,Sales Executive,0,0.026647744599908617,Normal,3, Formation insuffisante | → Programme de formation continue | → Certifications professionnelles
132,44,Research & Development,Laboratory Technician,1,0.008659547964207547,Normal,6, Salaire en dessous de la moyenne | → Révision salariale recommandée | → Bonus ou avantages supplémentaires |  Distance domicile-travail importante | → Télétravail partiel ou complet | → Aide au transport
133,37,Human Resources,Human Resources,1,0.8978123257519552,URGENT,11, RISQUE ÉLEVÉ D'ATTRITION | → Entretien individuel immédiat avec le manager | → Révision salariale prioritaire | → Plan de rétention personnalisé |  Satisfaction au travail faible | → Évaluation des tâches et responsabilités | → Possibilité de changement de rôle ou projet | → Formation pour développement de compétences |  Salaire en dessous de la moyenne | → Révision salariale recommandée | → Bonus ou avantages supplémentaires
134,32,Research & Development,Research Scientist,1,0.06752991147119637,Normal,4, Satisfaction au travail faible | → Évaluation des tâches et responsabilités | → Possibilité de changement de rôle ou projet | → Formation pour développement de compétences
137,20,Research & Development,Laboratory Technician,1,0.8692741638440659,URGENT,4, RISQUE ÉLEVÉ D'ATTRITION | → Entretien individuel immédiat avec le manager | → Révision salariale prioritaire | → Plan de rétention personnalisé
138,34,Research & Development,Research Scientist,0,0.01091552602056559,Normal,3, Insatisfaction environnement de travail | → Amélioration des conditions de travail | → Changement d'équipe ou de bureau
139,37,Research & Development,Healthcare Representative,1,0.004383116659000738,Normal,3, Profil stable | → Maintenir les conditions actuelles | → Suivi de routine
140,59,Human Resources,Manager,0,0.0014100531613837246,Normal,3, Profil stable | → Maintenir les conditions actuelles | → Suivi de routine
141,50,Research & Development,Research Director,0,0.041297969495089605,Normal,9, Surcharge de travail détectée | → Redistribution de la charge de travail | → Embauche d'un support supplémentaire |  Insatisfaction environnement de travail | → Amélioration des conditions de travail | → Changement d'équipe ou de bureau |  Formation insuffisante | → Programme de formation continue | → Certifications professionnelles
142,25,Sales,Sales Executive,1,0.7591661129775564,URGENT,7, RISQUE ÉLEVÉ D'ATTRITION | → Entretien individuel immédiat avec le manager | → Révision salariale prioritaire | → Plan de rétention personnalisé |  Formation insuffisante | → Programme de formation continue | → Certifications professionnelles
143,25,Research & Development,Research Scientist,1,0.015085499959224945,Normal,3, Profil stable | → Maintenir les conditions actuelles | → Suivi de routine
144,22,Research & Development,Laboratory Technician,1,0.06613557557554456,Normal,3, Profil stable | → Maintenir les conditions actuelles | → Suivi de routine
145,51,Research & Development,Healthcare Representative,0,0.03552852401446582,Normal,17, Satisfaction au travail faible | → Évaluation des tâches et responsabilités | → Possibilité de changement de rôle ou projet | → Formation pour développement de compétences |  Insatisfaction environnement de travail | → Amélioration des conditions de travail | → Changement d'équipe ou de bureau |  Stagnation de carrière | → Plan de développement de carrière | → Évaluation pour promotion | → Nouvelles responsabilités |  Salaire en dessous de la moyenne | → Révision salariale recommandée | → Bonus ou avantages supplémentaires |  Formation insuffisante | → Programme de formation continue | → Certifications professionnelles
147,34,Research & Development,Laboratory Technician,1,0.8754589106445692,URGENT,10, RISQUE ÉLEVÉ D'ATTRITION | → Entretien individuel immédiat avec le manager | → Révision salariale prioritaire | → Plan de rétention personnalisé |  Insatisfaction environnement de travail | → Amélioration des conditions de travail | → Changement d'équipe ou de bureau |  Faible implication au travail | → Projets stimulants et motivants | → Reconnaissance et valorisation
148,54,Human Resources,Manager,0,0.006420100046657057,Normal,3, Distance domicile-travail importante | → Télétravail partiel ou complet | → Aide au transport
150,24,Research & Development,Laboratory Technician,1,0.012453447653481636,Normal,3, Profil stable | → Maintenir les conditions actuelles | → Suivi de routine
151,34,Research & Development,Research Scientist,1,0.00672851968812205,Normal,3, Profil stable | → Maintenir les conditions actuelles | → Suivi de routine
152,37,Sales,Sales Executive,1,0.016695726858557115,Normal,3, Salaire en dessous de la moyenne | → Révision salariale recommandée | → Bonus ou avantages supplémentaires
153,34,Research & Development,Manager,0,0.0077558054391018046,Normal,4, Satisfaction au travail faible | → Évaluation des tâches et responsabilités | → Possibilité de changement de rôle ou projet | → Formation pour développement de compétences
154,36,Sales,Sales Executive,0,0.013819871364346136,Normal,3, Profil stable | → Maintenir les conditions actuelles | → Suivi de routine
155,36,Research & Development,Laboratory Technician,1,0.027543133429880205,Normal,3, Insatisfaction environnement de travail | → Amélioration des conditions de travail | → Changement d'équipe ou de bureau
158,43,Sales,Manager,0,0.006330475084189156,Normal,3, Distance domicile-travail importante | → Télétravail partiel ou complet | → Aide au transport
159,30,Research & Development,Research Scientist,1,0.04269124812883554,Normal,9, Insatisfaction environnement de travail | → Amélioration des conditions de travail | → Changement d'équipe ou de bureau |  Distance domicile-travail importante | → Télétravail partiel ou complet | → Aide au transport |  Faible implication au travail | → Projets stimulants et motivants | → Reconnaissance et valorisation
160,33,Sales,Sales Executive,1,0.006825997092306917,Normal,3, Distance domicile-travail importante | → Télétravail partiel ou complet | → Aide au transport
161,56,Research & Development,Research Scientist,1,0.877872546638262,URGENT,4, RISQUE ÉLEVÉ D'ATTRITION | → Entretien individuel immédiat avec le manager | → Révision salariale prioritaire | → Plan de rétention personnalisé
162,51,Research & Development,Research Director,0,0.008190932422512669,Normal,7, Insatisfaction environnement de travail | → Amélioration des conditions de travail | → Changement d'équipe ou de bureau |  Stagnation de carrière | → Plan de développement de carrière | → Évaluation pour promotion | → Nouvelles responsabilités
163,31,Sales,Sales Executive,0,0.8562083877528651,URGENT,14, RISQUE ÉLEVÉ D'ATTRITION | → Entretien individuel immédiat avec le manager | → Révision salariale prioritaire | → Plan de rétention personnalisé |  Surcharge de travail détectée | → Redistribution de la charge de travail | → Embauche d'un support supplémentaire |  Stagnation de carrière | → Plan de développement de carrière | → Évaluation pour promotion | → Nouvelles responsabilités |  Faible implication au travail | → Projets stimulants et motivants | → Reconnaissance et valorisation
164,26,Research & Development,Research Scientist,1,0.025592546505497214,Normal,3, Salaire en dessous de la moyenne | → Révision salariale recommandée | → Bonus ou avantages supplémentaires
165,58,Research & Development,Healthcare Representative,0,0.9606099363506247,URGENT,11, RISQUE ÉLEVÉ D'ATTRITION | → Entretien individuel immédiat avec le manager | → Révision salariale prioritaire | → Plan de rétention personnalisé |  Stagnation de carrière | → Plan de développement de carrière | → Évaluation pour promotion | → Nouvelles responsabilités |  Distance domicile-travail importante | → Télétravail partiel ou complet | → Aide au transport
167,19,Sales,Sales Representative,1,0.9883877538885308,URGENT,13, RISQUE ÉLEVÉ D'ATTRITION | → Entretien individuel immédiat avec le manager | → Révision salariale prioritaire | → Plan de rétention personnalisé |  Surcharge de travail détectée | → Redistribution de la charge de travail | → Embauche d'un support supplémentaire |  Salaire en dessous de la moyenne | → Révision salariale recommandée | → Bonus ou avantages supplémentaires |  Distance domicile-travail importante | → Télétravail partiel ou complet | → Aide au transport
169,22,Research & Development,Laboratory Technician,1,0.02536701348616242,Normal,3, Profil stable | → Maintenir les conditions actuelles | → Suivi de routine
170,49,Research & Development,Manufacturing Director,0,0.027046766241690563,Normal,4, Satisfaction au travail faible | → Évaluation des tâches et responsabilités | → Possibilité de changement de rôle ou projet | → Formation pour développement de compétences
171,43,Research & Development,Research Scientist,1,0.020418853415132266,Normal,3, Distance domicile-travail importante | → Télétravail partiel ou complet | → Aide au transport
174,50,Sales,Sales Executive,1,0.01682174980117144,Normal,3, Profil stable | → Maintenir les conditions actuelles | → Suivi de routine
175,31,Sales,Sales Executive,1,0.861349504368495,URGENT,10, RISQUE ÉLEVÉ D'ATTRITION | → Entretien individuel immédiat avec le manager | → Révision salariale prioritaire | → Plan de rétention personnalisé |  Salaire en dessous de la moyenne | → Révision salariale recommandée | → Bonus ou avantages supplémentaires |  Faible implication au travail | → Projets stimulants et motivants | → Reconnaissance et valorisation
176,41,Sales,Sales Executive,0,0.013114842424576677,Normal,3, Profil stable | → Maintenir les conditions actuelles | → Suivi de routine
177,26,Human Resources,Human Resources,1,0.015641122122241773,Normal,3, Distance domicile-travail importante | → Télétravail partiel ou complet | → Aide au transport
178,36,Research & Development,Manufacturing Director,1,0.029227477062196253,Normal,3, Formation insuffisante | → Programme de formation continue | → Certifications professionnelles
179,51,Research & Development,Manufacturing Director,1,0.8901294415304595,URGENT,10, RISQUE ÉLEVÉ D'ATTRITION | → Entretien individuel immédiat avec le manager | → Révision salariale prioritaire | → Plan de rétention personnalisé |  Insatisfaction environnement de travail | → Amélioration des conditions de travail | → Changement d'équipe ou de bureau |  Faible implication au travail | → Projets stimulants et motivants | → Reconnaissance et valorisation
182,39,Sales,Sales Executive,0,0.005506401041374775,Normal,3, Formation insuffisante | → Programme de formation continue | → Certifications professionnelles
183,25,Sales,Sales Executive,1,0.09198148083582366,Normal,6, Insatisfaction environnement de travail | → Amélioration des conditions de travail | → Changement d'équipe ou de bureau |  Distance domicile-travail importante | → Télétravail partiel ou complet | → Aide au transport
184,30,Human Resources,Human Resources,0,0.028716593718796545,Normal,7, Équilibre vie-travail insuffisant | → Réduction des heures supplémentaires | → Télétravail ou horaires flexibles | → Programme de bien-être |  Surcharge de travail détectée | → Redistribution de la charge de travail | → Embauche d'un support supplémentaire
190,32,Research & Development,Laboratory Technician,1,0.9236941465798002,URGENT,11, RISQUE ÉLEVÉ D'ATTRITION | → Entretien individuel immédiat avec le manager | → Révision salariale prioritaire | → Plan de rétention personnalisé |  Satisfaction au travail faible | → Évaluation des tâches et responsabilités | → Possibilité de changement de rôle ou projet | → Formation pour développement de compétences |  Insatisfaction environnement de travail | → Amélioration des conditions de travail | → Changement d'équipe ou de bureau
192,45,Research & Development,Research Scientist,1,0.018547584313307906,Normal,3, Distance domicile-travail importante | → Télétravail partiel ou complet | → Aide au transport
193,38,Research & Development,Research Scientist,1,0.011418808615752873,Normal,3, Salaire en dessous de la moyenne | → Révision salariale recommandée | → Bonus ou avantages supplémentaires
194,30,Research & Development,Research Scientist,1,0.03571321852240702,Normal,3, Insatisfaction environnement de travail | → Amélioration des conditions de travail | → Changement d'équipe ou de bureau
195,32,Sales,Sales Executive,1,0.01975245612811658,Normal,6, Salaire en dessous de la moyenne | → Révision salariale recommandée | → Bonus ou avantages supplémentaires |  Faible implication au travail | → Projets stimulants et motivants | → Reconnaissance et valorisation
197,30,Research & Development,Research Scientist,1,0.018573367162646827,Normal,4, Satisfaction au travail faible | → Évaluation des tâches et responsabilités | → Possibilité de changement de rôle ou projet | → Formation pour développement de compétences
198,30,Research & Development,Laboratory Technician,1,0.020914560355050064,Normal,3, Profil stable | → Maintenir les conditions actuelles | → Suivi de routine
199,41,Research & Development,Manager,0,0.017591602812480983,Normal,8, Satisfaction au travail faible | → Évaluation des tâches et responsabilités | → Possibilité de changement de rôle ou projet | → Formation pour développement de compétences |  Stagnation de carrière | → Plan de développement de carrière | → Évaluation pour promotion | → Nouvelles responsabilités
200,41,Research & Development,Laboratory Technician,1,0.019555938372697163,Normal,7, Satisfaction au travail faible | → Évaluation des tâches et responsabilités | → Possibilité de changement de rôle ou projet | → Formation pour développement de compétences |  Salaire en dessous de la moyenne | → Révision salariale recommandée | → Bonus ou avantages supplémentaires
201,19,Research & Development,Laboratory Technician,1,0.15401548603394308,Normal,3, Salaire en dessous de la moyenne | → Révision salariale recommandée | → Bonus ou avantages supplémentaires
202,40,Research & Development,Research Scientist,0,0.017136101899848016,Normal,3, Distance domicile-travail importante | → Télétravail partiel ou complet | → Aide au transport
204,35,Sales,Sales Executive,0,0.011168541490736166,Normal,3, Salaire en dessous de la moyenne | → Révision salariale recommandée | → Bonus ou avantages supplémentaires
205,53,Sales,Sales Representative,0,0.04889748923016543,Normal,10, Équilibre vie-travail insuffisant | → Réduction des heures supplémentaires | → Télétravail ou horaires flexibles | → Programme de bien-être |  Surcharge de travail détectée | → Redistribution de la charge de travail | → Embauche d'un support supplémentaire |  Salaire en dessous de la moyenne | → Révision salariale recommandée | → Bonus ou avantages supplémentaires
206,45,Research & Development,Laboratory Technician,0,0.036135088843301404,Normal,7, Équilibre vie-travail insuffisant | → Réduction des heures supplémentaires | → Télétravail ou horaires flexibles | → Programme de bien-être |  Salaire en dessous de la moyenne | → Révision salariale recommandée | → Bonus ou avantages supplémentaires
207,32,Sales,Sales Executive,0,0.033196015102148174,Normal,3, Profil stable | → Maintenir les conditions actuelles | → Suivi de routine
208,29,Research & Development,Manufacturing Director,1,0.00860816862365771,Normal,6, Salaire en dessous de la moyenne | → Révision salariale recommandée | → Bonus ou avantages supplémentaires |  Formation insuffisante | → Programme de formation continue | → Certifications professionnelles
211,51,Research & Development,Manufacturing Director,1,0.01966096126019937,Normal,3, Profil stable | → Maintenir les conditions actuelles | → Suivi de routine
214,58,Research & Development,Research Scientist,1,0.08469033121942753,Normal,3, Surcharge de travail détectée | → Redistribution de la charge de travail | → Embauche d'un support supplémentaire
215,40,Sales,Sales Executive,0,0.016716577104438638,Normal,3, Profil stable | → Maintenir les conditions actuelles | → Suivi de routine
216,34,Sales,Sales Representative,1,0.0403078631806441,Normal,3, Profil stable | → Maintenir les conditions actuelles | → Suivi de routine
217,22,Research & Development,Research Scientist,1,0.019568432489459067,Normal,3, Salaire en dessous de la moyenne | → Révision salariale recommandée | → Bonus ou avantages supplémentaires
218,27,Research & Development,Research Scientist,1,0.017842224137642033,Normal,10, Équilibre vie-travail insuffisant | → Réduction des heures supplémentaires | → Télétravail ou horaires flexibles | → Programme de bien-être |  Salaire en dessous de la moyenne | → Révision salariale recommandée | → Bonus ou avantages supplémentaires |  Formation insuffisante | → Programme de formation continue | → Certifications professionnelles
221,28,Research & Development,Research Scientist,1,0.018918974803413344,Normal,7, Équilibre vie-travail insuffisant | → Réduction des heures supplémentaires | → Télétravail ou horaires flexibles | → Programme de bien-être |  Distance domicile-travail importante | → Télétravail partiel ou complet | → Aide au transport
223,57,Research & Development,Healthcare Representative,1,0.00402511109365826,Normal,10, Équilibre vie-travail insuffisant | → Réduction des heures supplémentaires | → Télétravail ou horaires flexibles | → Programme de bien-être |  Surcharge de travail détectée | → Redistribution de la charge de travail | → Embauche d'un support supplémentaire |  Distance domicile-travail importante | → Télétravail partiel ou complet | → Aide au transport
224,27,Research & Development,Research Scientist,1,0.03082869079169247,Normal,3, Surcharge de travail détectée | → Redistribution de la charge de travail | → Embauche d'un support supplémentaire
226,50,Research & Development,Manager,0,0.008192041548950531,Normal,3, Profil stable | → Maintenir les conditions actuelles | → Suivi de routine
227,41,Research & Development,Research Scientist,0,0.02091898218032565,Normal,3, Insatisfaction environnement de travail | → Amélioration des conditions de travail | → Changement d'équipe ou de bureau
228,30,Sales,Sales Executive,0,0.011415127802027726,Normal,4, Stagnation de carrière | → Plan de développement de carrière | → Évaluation pour promotion | → Nouvelles responsabilités
230,38,Sales,Sales Executive,1,0.026220384321629146,Normal,3, Insatisfaction environnement de travail | → Amélioration des conditions de travail | → Changement d'équipe ou de bureau
231,32,Research & Development,Research Scientist,1,0.04783358283925632,Normal,3, Profil stable | → Maintenir les conditions actuelles | → Suivi de routine
233,27,Research & Development,Research Scientist,1,0.07905034667207957,Normal,3, Surcharge de travail détectée | → Redistribution de la charge de travail | → Embauche d'un support supplémentaire
235,19,Sales,Sales Representative,1,0.9846486923660986,URGENT,11, RISQUE ÉLEVÉ D'ATTRITION | → Entretien individuel immédiat avec le manager | → Révision salariale prioritaire | → Plan de rétention personnalisé |  Satisfaction au travail faible | → Évaluation des tâches et responsabilités | → Possibilité de changement de rôle ou projet | → Formation pour développement de compétences |  Faible implication au travail | → Projets stimulants et motivants | → Reconnaissance et valorisation
238,36,Research & Development,Laboratory Technician,1,0.023005412324006734,Normal,7, Stagnation de carrière | → Plan de développement de carrière | → Évaluation pour promotion | → Nouvelles responsabilités |  Salaire en dessous de la moyenne | → Révision salariale recommandée | → Bonus ou avantages supplémentaires
239,30,Research & Development,Laboratory Technician,0,0.010747716278324094,Normal,11, Satisfaction au travail faible | → Évaluation des tâches et responsabilités | → Possibilité de changement de rôle ou projet | → Formation pour développement de compétences |  Stagnation de carrière | → Plan de développement de carrière | → Évaluation pour promotion | → Nouvelles responsabilités |  Salaire en dessous de la moyenne | → Révision salariale recommandée | → Bonus ou avantages supplémentaires
240,45,Sales,Sales Executive,1,0.07798717646159158,Normal,4, Satisfaction au travail faible | → Évaluation des tâches et responsabilités | → Possibilité de changement de rôle ou projet | → Formation pour développement de compétences
241,56,Research & Development,Research Scientist,1,0.010419265386959054,Normal,4, Satisfaction au travail faible | → Évaluation des tâches et responsabilités | → Possibilité de changement de rôle ou projet | → Formation pour développement de compétences
242,33,Research & Development,Research Scientist,1,0.014475053525029417,Normal,3, Profil stable | → Maintenir les conditions actuelles | → Suivi de routine
243,19,Research & Development,Laboratory Technician,1,0.8938660815526805,URGENT,7, RISQUE ÉLEVÉ D'ATTRITION | → Entretien individuel immédiat avec le manager | → Révision salariale prioritaire | → Plan de rétention personnalisé |  Salaire en dessous de la moyenne | → Révision salariale recommandée | → Bonus ou avantages supplémentaires
244,46,Sales,Sales Executive,0,0.03720409706191364,Normal,8, Satisfaction au travail faible | → Évaluation des tâches et responsabilités | → Possibilité de changement de rôle ou projet | → Formation pour développement de compétences |  Stagnation de carrière | → Plan de développement de carrière | → Évaluation pour promotion | → Nouvelles responsabilités
245,38,Research & Development,Laboratory Technician,1,0.028753482445784042,Normal,3, Salaire en dessous de la moyenne | → Révision salariale recommandée | → Bonus ou avantages supplémentaires
246,31,Research & Development,Research Scientist,1,0.028029300360564256,Normal,3, Formation insuffisante | → Programme de formation continue | → Certifications professionnelles
247,34,Research & Development,Research Scientist,1,0.021913726469520032,Normal,6, Salaire en dessous de la moyenne | → Révision salariale recommandée | → Bonus ou avantages supplémentaires |  Distance domicile-travail importante | → Télétravail partiel ou complet | → Aide au transport
248,41,Sales,Sales Representative,1,0.9081424691784837,URGENT,7, RISQUE ÉLEVÉ D'ATTRITION | → Entretien individuel immédiat avec le manager | → Révision salariale prioritaire | → Plan de rétention personnalisé |  Surcharge de travail détectée | → Redistribution de la charge de travail | → Embauche d'un support supplémentaire
249,50,Research & Development,Laboratory Technician,1,0.023261755383470244,Normal,3, Profil stable | → Maintenir les conditions actuelles | → Suivi de routine
250,53,Research & Development,Manufacturing Director,1,0.003813101020008814,Normal,7, Satisfaction au travail faible | → Évaluation des tâches et responsabilités | → Possibilité de changement de rôle ou projet | → Formation pour développement de compétences |  Salaire en dessous de la moyenne | → Révision salariale recommandée | → Bonus ou avantages supplémentaires
252,33,Research & Development,Research Scientist,1,0.007757909586732933,Normal,3, Profil stable | → Maintenir les conditions actuelles | → Suivi de routine
253,40,Research & Development,Manager,0,0.004470984802146632,Normal,4, Stagnation de carrière | → Plan de développement de carrière | → Évaluation pour promotion | → Nouvelles responsabilités
254,55,Research & Development,Research Director,0,0.007283175522203532,Normal,3, Profil stable | → Maintenir les conditions actuelles | → Suivi de routine
256,34,Research & Development,Manufacturing Director,0,0.0216915809029718,Normal,3, Profil stable | → Maintenir les conditions actuelles | → Suivi de routine
258,51,Research & Development,Healthcare Representative,0,0.003625749171012467,Normal,3, Profil stable | → Maintenir les conditions actuelles | → Suivi de routine
259,52,Research & Development,Manager,0,0.005983793942286746,Normal,4, Stagnation de carrière | → Plan de développement de carrière | → Évaluation pour promotion | → Nouvelles responsabilités
260,27,Research & Development,Research Scientist,1,0.019538180011441433,Normal,3, Salaire en dessous de la moyenne | → Révision salariale recommandée | → Bonus ou avantages supplémentaires
261,35,Research & Development,Manufacturing Director,1,0.8112042083877784,URGENT,10, RISQUE ÉLEVÉ D'ATTRITION | → Entretien individuel immédiat avec le manager | → Révision salariale prioritaire | → Plan de rétention personnalisé |  Formation insuffisante | → Programme de formation continue | → Certifications professionnelles |  Distance domicile-travail importante | → Télétravail partiel ou complet | → Aide au transport
262,43,Research & Development,Research Scientist,1,0.002694460104978167,Normal,3, Salaire en dessous de la moyenne | → Révision salariale recommandée | → Bonus ou avantages supplémentaires
264,45,Research & Development,Manager,0,0.004806196107378521,Normal,10, Insatisfaction environnement de travail | → Amélioration des conditions de travail | → Changement d'équipe ou de bureau |  Stagnation de carrière | → Plan de développement de carrière | → Évaluation pour promotion | → Nouvelles responsabilités |  Formation insuffisante | → Programme de formation continue | → Certifications professionnelles
267,37,Research & Development,Research Scientist,1,0.030002876818608457,Normal,10, Satisfaction au travail faible | → Évaluation des tâches et responsabilités | → Possibilité de changement de rôle ou projet | → Formation pour développement de compétences |  Surcharge de travail détectée | → Redistribution de la charge de travail | → Embauche d'un support supplémentaire |  Distance domicile-travail importante | → Télétravail partiel ou complet | → Aide au transport
269,35,Research & Development,Laboratory Technician,1,0.019229164977940208,Normal,3, Salaire en dessous de la moyenne | → Révision salariale recommandée | → Bonus ou avantages supplémentaires
270,42,Research & Development,Manufacturing Director,1,0.0039620922892549945,Normal,3, Distance domicile-travail importante | → Télétravail partiel ou complet | → Aide au transport
271,38,Research & Development,Manufacturing Director,1,0.01743424595063162,Normal,3, Profil stable | → Maintenir les conditions actuelles | → Suivi de routine
273,38,Research & Development,Manufacturing Director,1,0.012875258856342107,Normal,7, Équilibre vie-travail insuffisant | → Réduction des heures supplémentaires | → Télétravail ou horaires flexibles | → Programme de bien-être |  Distance domicile-travail importante | → Télétravail partiel ou complet | → Aide au transport
274,27,Research & Development,Manufacturing Director,1,0.08287068367444443,Normal,10, Satisfaction au travail faible | → Évaluation des tâches et responsabilités | → Possibilité de changement de rôle ou projet | → Formation pour développement de compétences |  Salaire en dessous de la moyenne | → Révision salariale recommandée | → Bonus ou avantages supplémentaires |  Formation insuffisante | → Programme de formation continue | → Certifications professionnelles
275,49,Research & Development,Manufacturing Director,0,0.03347820724859382,Normal,3, Formation insuffisante | → Programme de formation continue | → Certifications professionnelles
277,34,Research & Development,Research Scientist,1,0.02444611296961654,Normal,3, Profil stable | → Maintenir les conditions actuelles | → Suivi de routine
281,40,Research & Development,Laboratory Technician,1,0.03362571503447079,Normal,3, Salaire en dessous de la moyenne | → Révision salariale recommandée | → Bonus ou avantages supplémentaires
282,38,Research & Development,Healthcare Representative,1,0.9248813535867402,URGENT,11, RISQUE ÉLEVÉ D'ATTRITION | → Entretien individuel immédiat avec le manager | → Révision salariale prioritaire | → Plan de rétention personnalisé |  Satisfaction au travail faible | → Évaluation des tâches et responsabilités | → Possibilité de changement de rôle ou projet | → Formation pour développement de compétences |  Distance domicile-travail importante | → Télétravail partiel ou complet | → Aide au transport
283,29,Sales,Sales Executive,1,0.5815971052965848,Moyen,8, RISQUE MOYEN D'ATTRITION | → Suivi régulier avec le manager |  Salaire en dessous de la moyenne | → Révision salariale recommandée | → Bonus ou avantages supplémentaires |  Distance domicile-travail importante | → Télétravail partiel ou complet | → Aide au transport
284,22,Research & Development,Research Scientist,1,0.09538785695129164,Normal,6, Surcharge de travail détectée | → Redistribution de la charge de travail | → Embauche d'un support supplémentaire |  Salaire en dessous de la moyenne | → Révision salariale recommandée | → Bonus ou avantages supplémentaires
286,36,Research & Development,Laboratory Technician,1,0.030020883761432537,Normal,3, Salaire en dessous de la moyenne | → Révision salariale recommandée | → Bonus ou avantages supplémentaires
287,40,Research & Development,Healthcare Representative,1,0.013870888130973471,Normal,4, Équilibre vie-travail insuffisant | → Réduction des heures supplémentaires | → Télétravail ou horaires flexibles | → Programme de bien-être
288,46,Research & Development,Healthcare Representative,1,0.024524997344327986,Normal,4, Satisfaction au travail faible | → Évaluation des tâches et responsabilités | → Possibilité de changement de rôle ou projet | → Formation pour développement de compétences
291,32,Sales,Sales Executive,0,0.8242271900742286,URGENT,11, RISQUE ÉLEVÉ D'ATTRITION | → Entretien individuel immédiat avec le manager | → Révision salariale prioritaire | → Plan de rétention personnalisé |  Stagnation de carrière | → Plan de développement de carrière | → Évaluation pour promotion | → Nouvelles responsabilités |  Faible implication au travail | → Projets stimulants et motivants | → Reconnaissance et valorisation
292,30,Research & Development,Manufacturing Director,0,0.017058927108249345,Normal,3, Salaire en dessous de la moyenne | → Révision salariale recommandée | → Bonus ou avantages supplémentaires
293,27,Sales,Sales Executive,1,0.031227977609279586,Normal,3, Profil stable | → Maintenir les conditions actuelles | → Suivi de routine
296,51,Research & Development,Research Director,0,0.008481050392818892,Normal,4, Équilibre vie-travail insuffisant | → Réduction des heures supplémentaires | → Télétravail ou horaires flexibles | → Programme de bien-être
297,30,Research & Development,Research Scientist,1,0.7617417099878879,URGENT,8, RISQUE ÉLEVÉ D'ATTRITION | → Entretien individuel immédiat avec le manager | → Révision salariale prioritaire | → Plan de rétention personnalisé |  Satisfaction au travail faible | → Évaluation des tâches et responsabilités | → Possibilité de changement de rôle ou projet | → Formation pour développement de compétences
298,41,Sales,Manager,1,0.0064107578216405356,Normal,3, Profil stable | → Maintenir les conditions actuelles | → Suivi de routine
299,30,Sales,Sales Executive,1,0.8833362299765636,URGENT,11, RISQUE ÉLEVÉ D'ATTRITION | → Entretien individuel immédiat avec le manager | → Révision salariale prioritaire | → Plan de rétention personnalisé |  Satisfaction au travail faible | → Évaluation des tâches et responsabilités | → Possibilité de changement de rôle ou projet | → Formation pour développement de compétences |  Distance domicile-travail importante | → Télétravail partiel ou complet | → Aide au transport
300,29,Research & Development,Research Scientist,1,0.8186033001904532,URGENT,10, RISQUE ÉLEVÉ D'ATTRITION | → Entretien individuel immédiat avec le manager | → Révision salariale prioritaire | → Plan de rétention personnalisé |  Salaire en dessous de la moyenne | → Révision salariale recommandée | → Bonus ou avantages supplémentaires |  Formation insuffisante | → Programme de formation continue | → Certifications professionnelles
302,45,Sales,Sales Executive,0,0.007400149404544306,Normal,4, Stagnation de carrière | → Plan de développement de carrière | → Évaluation pour promotion | → Nouvelles responsabilités
303,54,Sales,Sales Executive,1,0.013736871159448853,Normal,4, Satisfaction au travail faible | → Évaluation des tâches et responsabilités | → Possibilité de changement de rôle ou projet | → Formation pour développement de compétences
304,36,Research & Development,Laboratory Technician,0,0.010554942190747154,Normal,3, Profil stable | → Maintenir les conditions actuelles | → Suivi de routine
305,33,Research & Development,Research Scientist,1,0.04970281596718174,Normal,3, Profil stable | → Maintenir les conditions actuelles | → Suivi de routine
306,37,Research & Development,Research Director,0,0.018734825170090254,Normal,3, Formation insuffisante | → Programme de formation continue | → Certifications professionnelles
307,38,Sales,Sales Executive,0,0.011078278925916627,Normal,3, Insatisfaction environnement de travail | → Amélioration des conditions de travail | → Changement d'équipe ou de bureau
308,31,Research & Development,Manufacturing Director,1,0.006595856566361689,Normal,6, Salaire en dessous de la moyenne | → Révision salariale recommandée | → Bonus ou avantages supplémentaires |  Faible implication au travail | → Projets stimulants et motivants | → Reconnaissance et valorisation
309,59,Research & Development,Research Scientist,1,0.018808902338213394,Normal,3, Salaire en dessous de la moyenne | → Révision salariale recommandée | → Bonus ou avantages supplémentaires
311,37,Sales,Sales Representative,0,0.02406516020564442,Normal,3, Insatisfaction environnement de travail | → Amélioration des conditions de travail | → Changement d'équipe ou de bureau
312,29,Sales,Sales Executive,0,0.018001165846690752,Normal,3, Profil stable | → Maintenir les conditions actuelles | → Suivi de routine
314,35,Sales,Sales Executive,0,0.019577760064624312,Normal,3, Profil stable | → Maintenir les conditions actuelles | → Suivi de routine
315,29,Research & Development,Research Scientist,1,0.8662204205223405,URGENT,10, RISQUE ÉLEVÉ D'ATTRITION | → Entretien individuel immédiat avec le manager | → Révision salariale prioritaire | → Plan de rétention personnalisé |  Surcharge de travail détectée | → Redistribution de la charge de travail | → Embauche d'un support supplémentaire |  Salaire en dessous de la moyenne | → Révision salariale recommandée | → Bonus ou avantages supplémentaires
316,52,Research & Development,Laboratory Technician,1,0.02372939477951852,Normal,3, Profil stable | → Maintenir les conditions actuelles | → Suivi de routine
319,42,Research & Development,Manager,0,0.012795371806583444,Normal,4, Stagnation de carrière | → Plan de développement de carrière | → Évaluation pour promotion | → Nouvelles responsabilités
321,59,Human Resources,Human Resources,1,0.03917674707010816,Normal,3, Salaire en dessous de la moyenne | → Révision salariale recommandée | → Bonus ou avantages supplémentaires
323,50,Sales,Manager,0,0.003282081559257405,Normal,3, Profil stable | → Maintenir les conditions actuelles | → Suivi de routine
325,33,Research & Development,Laboratory Technician,1,0.9009131985827685,URGENT,11, RISQUE ÉLEVÉ D'ATTRITION | → Entretien individuel immédiat avec le manager | → Révision salariale prioritaire | → Plan de rétention personnalisé |  Équilibre vie-travail insuffisant | → Réduction des heures supplémentaires | → Télétravail ou horaires flexibles | → Programme de bien-être |  Surcharge de travail détectée | → Redistribution de la charge de travail | → Embauche d'un support supplémentaire
327,43,Sales,Manager,0,0.006731256562203069,Normal,3, Profil stable | → Maintenir les conditions actuelles | → Suivi de routine
328,33,Research & Development,Laboratory Technician,1,0.8577980455980063,URGENT,11, RISQUE ÉLEVÉ D'ATTRITION | → Entretien individuel immédiat avec le manager | → Révision salariale prioritaire | → Plan de rétention personnalisé |  Satisfaction au travail faible | → Évaluation des tâches et responsabilités | → Possibilité de changement de rôle ou projet | → Formation pour développement de compétences |  Insatisfaction environnement de travail | → Amélioration des conditions de travail | → Changement d'équipe ou de bureau
329,52,Sales,Manager,0,0.03649429329772735,Normal,7, Insatisfaction environnement de travail | → Amélioration des conditions de travail | → Changement d'équipe ou de bureau |  Stagnation de carrière | → Plan de développement de carrière | → Évaluation pour promotion | → Nouvelles responsabilités
330,32,Sales,Sales Representative,1,0.03530427249995298,Normal,3, Profil stable | → Maintenir les conditions actuelles | → Suivi de routine
331,32,Research & Development,Laboratory Technician,1,0.881651130523608,URGENT,11, RISQUE ÉLEVÉ D'ATTRITION | → Entretien individuel immédiat avec le manager | → Révision salariale prioritaire | → Plan de rétention personnalisé |  Équilibre vie-travail insuffisant | → Réduction des heures supplémentaires | → Télétravail ou horaires flexibles | → Programme de bien-être |  Surcharge de travail détectée | → Redistribution de la charge de travail | → Embauche d'un support supplémentaire
332,39,Research & Development,Laboratory Technician,1,0.01821103842156385,Normal,6, Salaire en dessous de la moyenne | → Révision salariale recommandée | → Bonus ou avantages supplémentaires |  Formation insuffisante | → Programme de formation continue | → Certifications professionnelles
333,32,Sales,Sales Executive,1,0.02303609763610093,Normal,6, Salaire en dessous de la moyenne | → Révision salariale recommandée | → Bonus ou avantages supplémentaires |  Distance domicile-travail importante | → Télétravail partiel ou complet | → Aide au transport
334,41,Research & Development,Research Scientist,1,0.038842782250332344,Normal,7, Satisfaction au travail faible | → Évaluation des tâches et responsabilités | → Possibilité de changement de rôle ou projet | → Formation pour développement de compétences |  Salaire en dessous de la moyenne | → Révision salariale recommandée | → Bonus ou avantages supplémentaires
335,40,Research & Development,Research Scientist,0,0.021080342634915032,Normal,9, Insatisfaction environnement de travail | → Amélioration des conditions de travail | → Changement d'équipe ou de bureau |  Salaire en dessous de la moyenne | → Révision salariale recommandée | → Bonus ou avantages supplémentaires |  Distance domicile-travail importante | → Télétravail partiel ou complet | → Aide au transport
336,45,Research & Development,Manager,0,0.007052110130630564,Normal,3, Profil stable | → Maintenir les conditions actuelles | → Suivi de routine
337,31,Research & Development,Research Director,1,0.04452434510026978,Normal,3, Profil stable | → Maintenir les conditions actuelles | → Suivi de routine
338,33,Research & Development,Research Scientist,1,0.00941413283851114,Normal,3, Profil stable | → Maintenir les conditions actuelles | → Suivi de routine
339,34,Research & Development,Manufacturing Director,0,0.0101925382388513,Normal,4, Satisfaction au travail faible | → Évaluation des tâches et responsabilités | → Possibilité de changement de rôle ou projet | → Formation pour développement de compétences
340,37,Research & Development,Research Scientist,1,0.0197743836342626,Normal,4, Satisfaction au travail faible | → Évaluation des tâches et responsabilités | → Possibilité de changement de rôle ou projet | → Formation pour développement de compétences
341,45,Research & Development,Manufacturing Director,1,0.009421928299191907,Normal,6, Insatisfaction environnement de travail | → Amélioration des conditions de travail | → Changement d'équipe ou de bureau |  Formation insuffisante | → Programme de formation continue | → Certifications professionnelles
342,37,Research & Development,Manufacturing Director,1,0.8161541947631424,URGENT,7, RISQUE ÉLEVÉ D'ATTRITION | → Entretien individuel immédiat avec le manager | → Révision salariale prioritaire | → Plan de rétention personnalisé |  Insatisfaction environnement de travail | → Amélioration des conditions de travail | → Changement d'équipe ou de bureau
343,39,Research & Development,Healthcare Representative,0,0.01168839799610413,Normal,7, Stagnation de carrière | → Plan de développement de carrière | → Évaluation pour promotion | → Nouvelles responsabilités |  Formation insuffisante | → Programme de formation continue | → Certifications professionnelles
346,29,Research & Development,Research Scientist,1,0.02206143309806323,Normal,6, Salaire en dessous de la moyenne | → Révision salariale recommandée | → Bonus ou avantages supplémentaires |  Formation insuffisante | → Programme de formation continue | → Certifications professionnelles
347,42,Research & Development,Research Scientist,1,0.029624348758474212,Normal,7, Satisfaction au travail faible | → Évaluation des tâches et responsabilités | → Possibilité de changement de rôle ou projet | → Formation pour développement de compétences |  Formation insuffisante | → Programme de formation continue | → Certifications professionnelles
349,29,Sales,Sales Executive,1,0.006789363721098255,Normal,3, Profil stable | → Maintenir les conditions actuelles | → Suivi de routine
350,25,Research & Development,Manufacturing Director,1,0.009489662731713918,Normal,3, Insatisfaction environnement de travail | → Amélioration des conditions de travail | → Changement d'équipe ou de bureau
351,42,Research & Development,Laboratory Technician,0,0.025681662598434657,Normal,8, Satisfaction au travail faible | → Évaluation des tâches et responsabilités | → Possibilité de changement de rôle ou projet | → Formation pour développement de compétences |  Stagnation de carrière | → Plan de développement de carrière | → Évaluation pour promotion | → Nouvelles responsabilités
352,40,Research & Development,Research Director,0,0.0045374838258214235,Normal,3, Insatisfaction environnement de travail | → Amélioration des conditions de travail | → Changement d'équipe ou de bureau
353,51,Research & Development,Research Scientist,1,0.02098253896088348,Normal,3, Formation insuffisante | → Programme de formation continue | → Certifications professionnelles
355,31,Research & Development,Laboratory Technician,1,0.8081549333824575,URGENT,7, RISQUE ÉLEVÉ D'ATTRITION | → Entretien individuel immédiat avec le manager | → Révision salariale prioritaire | → Plan de rétention personnalisé |  Distance domicile-travail importante | → Télétravail partiel ou complet | → Aide au transport
359,32,Research & Development,Laboratory Technician,1,0.06899983079378917,Normal,4, Équilibre vie-travail insuffisant | → Réduction des heures supplémentaires | → Télétravail ou horaires flexibles | → Programme de bien-être
361,38,Sales,Sales Executive,0,0.0046339909643466175,Normal,7, Stagnation de carrière | → Plan de développement de carrière | → Évaluation pour promotion | → Nouvelles responsabilités |  Formation insuffisante | → Programme de formation continue | → Certifications professionnelles
362,32,Research & Development,Laboratory Technician,1,0.055656749825758155,Normal,7, Satisfaction au travail faible | → Évaluation des tâches et responsabilités | → Possibilité de changement de rôle ou projet | → Formation pour développement de compétences |  Salaire en dessous de la moyenne | → Révision salariale recommandée | → Bonus ou avantages supplémentaires
363,46,Sales,Manager,0,0.017507626169652894,Normal,10, Surcharge de travail détectée | → Redistribution de la charge de travail | → Embauche d'un support supplémentaire |  Stagnation de carrière | → Plan de développement de carrière | → Évaluation pour promotion | → Nouvelles responsabilités |  Faible implication au travail | → Projets stimulants et motivants | → Reconnaissance et valorisation
364,28,Research & Development,Laboratory Technician,1,0.9365813059845844,URGENT,11, RISQUE ÉLEVÉ D'ATTRITION | → Entretien individuel immédiat avec le manager | → Révision salariale prioritaire | → Plan de rétention personnalisé |  Équilibre vie-travail insuffisant | → Réduction des heures supplémentaires | → Télétravail ou horaires flexibles | → Programme de bien-être |  Insatisfaction environnement de travail | → Amélioration des conditions de travail | → Changement d'équipe ou de bureau
366,29,Sales,Sales Executive,1,0.04568043401825689,Normal,3, Insatisfaction environnement de travail | → Amélioration des conditions de travail | → Changement d'équipe ou de bureau
367,31,Research & Development,Healthcare Representative,1,0.022712785141623466,Normal,7, Stagnation de carrière | → Plan de développement de carrière | → Évaluation pour promotion | → Nouvelles responsabilités |  Distance domicile-travail importante | → Télétravail partiel ou complet | → Aide au transport
369,25,Research & Development,Healthcare Representative,1,0.004030377874149414,Normal,7, Satisfaction au travail faible | → Évaluation des tâches et responsabilités | → Possibilité de changement de rôle ou projet | → Formation pour développement de compétences |  Salaire en dessous de la moyenne | → Révision salariale recommandée | → Bonus ou avantages supplémentaires
372,45,Research & Development,Healthcare Representative,0,0.013051244699512911,Normal,3, Profil stable | → Maintenir les conditions actuelles | → Suivi de routine
373,36,Research & Development,Laboratory Technician,0,0.007056908774360219,Normal,4, Stagnation de carrière | → Plan de développement de carrière | → Évaluation pour promotion | → Nouvelles responsabilités
374,55,Research & Development,Manager,0,0.02667954936801224,Normal,4, Satisfaction au travail faible | → Évaluation des tâches et responsabilités | → Possibilité de changement de rôle ou projet | → Formation pour développement de compétences
376,47,Research & Development,Manager,0,0.876646918841367,URGENT,17, RISQUE ÉLEVÉ D'ATTRITION | → Entretien individuel immédiat avec le manager | → Révision salariale prioritaire | → Plan de rétention personnalisé |  Surcharge de travail détectée | → Redistribution de la charge de travail | → Embauche d'un support supplémentaire |  Insatisfaction environnement de travail | → Amélioration des conditions de travail | → Changement d'équipe ou de bureau |  Stagnation de carrière | → Plan de développement de carrière | → Évaluation pour promotion | → Nouvelles responsabilités |  Distance domicile-travail importante | → Télétravail partiel ou complet | → Aide au transport
377,28,Research & Development,Research Scientist,1,0.010610098498593954,Normal,3, Salaire en dessous de la moyenne | → Révision salariale recommandée | → Bonus ou avantages supplémentaires
378,37,Sales,Sales Executive,1,0.010180525616024805,Normal,3, Profil stable | → Maintenir les conditions actuelles | → Suivi de routine
379,21,Research & Development,Research Scientist,1,0.04681746978050095,Normal,3, Profil stable | → Maintenir les conditions actuelles | → Suivi de routine
380,37,Research & Development,Research Director,1,0.008254471301120107,Normal,3, Insatisfaction environnement de travail | → Amélioration des conditions de travail | → Changement d'équipe ou de bureau
381,35,Research & Development,Manager,0,0.006041907906249869,Normal,7, Stagnation de carrière | → Plan de développement de carrière | → Évaluation pour promotion | → Nouvelles responsabilités |  Distance domicile-travail importante | → Télétravail partiel ou complet | → Aide au transport
382,38,Sales,Sales Executive,1,0.013591019407949557,Normal,11, Satisfaction au travail faible | → Évaluation des tâches et responsabilités | → Possibilité de changement de rôle ou projet | → Formation pour développement de compétences |  Insatisfaction environnement de travail | → Amélioration des conditions de travail | → Changement d'équipe ou de bureau |  Stagnation de carrière | → Plan de développement de carrière | → Évaluation pour promotion | → Nouvelles responsabilités
384,26,Research & Development,Manufacturing Director,1,0.006706928951673299,Normal,4, Équilibre vie-travail insuffisant | → Réduction des heures supplémentaires | → Télétravail ou horaires flexibles | → Programme de bien-être
385,50,Research & Development,Research Director,0,0.01300445940159986,Normal,3, Insatisfaction environnement de travail | → Amélioration des conditions de travail | → Changement d'équipe ou de bureau
386,53,Research & Development,Research Director,0,0.01776968236157561,Normal,3, Surcharge de travail détectée | → Redistribution de la charge de travail | → Embauche d'un support supplémentaire
387,42,Sales,Sales Executive,0,0.007788500758382609,Normal,4, Stagnation de carrière | → Plan de développement de carrière | → Évaluation pour promotion | → Nouvelles responsabilités
388,29,Sales,Sales Executive,1,0.03071748683284004,Normal,3, Salaire en dessous de la moyenne | → Révision salariale recommandée | → Bonus ou avantages supplémentaires
389,55,Research & Development,Laboratory Technician,0,0.016296097517437234,Normal,3, Profil stable | → Maintenir les conditions actuelles | → Suivi de routine
390,26,Research & Development,Healthcare Representative,1,0.043849875775718986,Normal,7, Satisfaction au travail faible | → Évaluation des tâches et responsabilités | → Possibilité de changement de rôle ou projet | → Formation pour développement de compétences |  Insatisfaction environnement de travail | → Amélioration des conditions de travail | → Changement d'équipe ou de bureau
391,37,Research & Development,Research Scientist,0,0.004767116287496004,Normal,3, Salaire en dessous de la moyenne | → Révision salariale recommandée | → Bonus ou avantages supplémentaires
392,44,Research & Development,Laboratory Technician,1,0.9353562588353477,URGENT,17, RISQUE ÉLEVÉ D'ATTRITION | → Entretien individuel immédiat avec le manager | → Révision salariale prioritaire | → Plan de rétention personnalisé |  Équilibre vie-travail insuffisant | → Réduction des heures supplémentaires | → Télétravail ou horaires flexibles | → Programme de bien-être |  Surcharge de travail détectée | → Redistribution de la charge de travail | → Embauche d'un support supplémentaire |  Formation insuffisante | → Programme de formation continue | → Certifications professionnelles |  Distance domicile-travail importante | → Télétravail partiel ou complet | → Aide au transport
393,38,Research & Development,Healthcare Representative,1,0.011032032672159749,Normal,3, Distance domicile-travail importante | → Télétravail partiel ou complet | → Aide au transport
394,26,Research & Development,Laboratory Technician,1,0.9550503088095126,URGENT,10, RISQUE ÉLEVÉ D'ATTRITION | → Entretien individuel immédiat avec le manager | → Révision salariale prioritaire | → Plan de rétention personnalisé |  Insatisfaction environnement de travail | → Amélioration des conditions de travail | → Changement d'équipe ou de bureau |  Salaire en dessous de la moyenne | → Révision salariale recommandée | → Bonus ou avantages supplémentaires
395,28,Research & Development,Research Scientist,1,0.007808220638771472,Normal,3, Profil stable | → Maintenir les conditions actuelles | → Suivi de routine
396,49,Research & Development,Research Director,0,0.039662046818221976,Normal,4, Satisfaction au travail faible | → Évaluation des tâches et responsabilités | → Possibilité de changement de rôle ou projet | → Formation pour développement de compétences
397,36,Research & Development,Research Scientist,1,0.042052117970016616,Normal,7, Stagnation de carrière | → Plan de développement de carrière | → Évaluation pour promotion | → Nouvelles responsabilités |  Salaire en dessous de la moyenne | → Révision salariale recommandée | → Bonus ou avantages supplémentaires
399,31,Sales,Sales Representative,1,0.10535098808692493,Normal,3, Profil stable | → Maintenir les conditions actuelles | → Suivi de routine
401,26,Sales,Sales Executive,1,0.8676470869335438,URGENT,11, RISQUE ÉLEVÉ D'ATTRITION | → Entretien individuel immédiat avec le manager | → Révision salariale prioritaire | → Plan de rétention personnalisé |  Stagnation de carrière | → Plan de développement de carrière | → Évaluation pour promotion | → Nouvelles responsabilités |  Formation insuffisante | → Programme de formation continue | → Certifications professionnelles
403,37,Research & Development,Research Scientist,1,0.1286658240155375,Normal,6, Surcharge de travail détectée | → Redistribution de la charge de travail | → Embauche d'un support supplémentaire |  Salaire en dessous de la moyenne | → Révision salariale recommandée | → Bonus ou avantages supplémentaires
404,42,Sales,Sales Executive,0,0.014799864781529292,Normal,3, Distance domicile-travail importante | → Télétravail partiel ou complet | → Aide au transport
405,18,Research & Development,Laboratory Technician,1,0.8926811421760318,URGENT,7, RISQUE ÉLEVÉ D'ATTRITION | → Entretien individuel immédiat avec le manager | → Révision salariale prioritaire | → Plan de rétention personnalisé |  Salaire en dessous de la moyenne | → Révision salariale recommandée | → Bonus ou avantages supplémentaires
406,35,Sales,Sales Executive,0,0.02168503514797467,Normal,4, Stagnation de carrière | → Plan de développement de carrière | → Évaluation pour promotion | → Nouvelles responsabilités
407,36,Research & Development,Laboratory Technician,1,0.011974765347929642,Normal,3, Profil stable | → Maintenir les conditions actuelles | → Suivi de routine
408,51,Research & Development,Manufacturing Director,1,0.01730705707621346,Normal,3, Faible implication au travail | → Projets stimulants et motivants | → Reconnaissance et valorisation
410,41,Sales,Manager,0,0.00544885280451793,Normal,3, Profil stable | → Maintenir les conditions actuelles | → Suivi de routine
411,18,Sales,Sales Representative,1,0.11696173082351963,Normal,3, Salaire en dessous de la moyenne | → Révision salariale recommandée | → Bonus ou avantages supplémentaires
412,28,Research & Development,Healthcare Representative,1,0.05028847392915139,Normal,4, Satisfaction au travail faible | → Évaluation des tâches et responsabilités | → Possibilité de changement de rôle ou projet | → Formation pour développement de compétences
416,31,Sales,Sales Executive,0,0.01797395821118009,Normal,4, Stagnation de carrière | → Plan de développement de carrière | → Évaluation pour promotion | → Nouvelles responsabilités
417,39,Research & Development,Healthcare Representative,0,0.009619886920775917,Normal,3, Profil stable | → Maintenir les conditions actuelles | → Suivi de routine
419,36,Research & Development,Laboratory Technician,0,0.00702927254949697,Normal,3, Distance domicile-travail importante | → Télétravail partiel ou complet | → Aide au transport
420,32,Sales,Sales Executive,0,0.010393199432132858,Normal,3, Profil stable | → Maintenir les conditions actuelles | → Suivi de routine
421,38,Research & Development,Research Director,0,0.012542272215126386,Normal,6, Insatisfaction environnement de travail | → Amélioration des conditions de travail | → Changement d'équipe ou de bureau |  Distance domicile-travail importante | → Télétravail partiel ou complet | → Aide au transport
422,58,Research & Development,Healthcare Representative,1,0.009226817170305572,Normal,3, Faible implication au travail | → Projets stimulants et motivants | → Reconnaissance et valorisation
423,31,Research & Development,Research Scientist,1,0.023189391729849903,Normal,3, Profil stable | → Maintenir les conditions actuelles | → Suivi de routine
424,31,Human Resources,Human Resources,1,0.07122286251797183,Normal,10, Satisfaction au travail faible | → Évaluation des tâches et responsabilités | → Possibilité de changement de rôle ou projet | → Formation pour développement de compétences |  Insatisfaction environnement de travail | → Amélioration des conditions de travail | → Changement d'équipe ou de bureau |  Formation insuffisante | → Programme de formation continue | → Certifications professionnelles
425,45,Research & Development,Laboratory Technician,0,0.02213814724130791,Normal,14, Satisfaction au travail faible | → Évaluation des tâches et responsabilités | → Possibilité de changement de rôle ou projet | → Formation pour développement de compétences |  Insatisfaction environnement de travail | → Amélioration des conditions de travail | → Changement d'équipe ou de bureau |  Stagnation de carrière | → Plan de développement de carrière | → Évaluation pour promotion | → Nouvelles responsabilités |  Salaire en dessous de la moyenne | → Révision salariale recommandée | → Bonus ou avantages supplémentaires
426,31,Research & Development,Research Scientist,1,0.030614240585137693,Normal,7, Équilibre vie-travail insuffisant | → Réduction des heures supplémentaires | → Télétravail ou horaires flexibles | → Programme de bien-être |  Surcharge de travail détectée | → Redistribution de la charge de travail | → Embauche d'un support supplémentaire
428,33,Research & Development,Manager,0,0.012867948328613552,Normal,4, Stagnation de carrière | → Plan de développement de carrière | → Évaluation pour promotion | → Nouvelles responsabilités
429,39,Research & Development,Manager,0,0.017347616906923016,Normal,8, Satisfaction au travail faible | → Évaluation des tâches et responsabilités | → Possibilité de changement de rôle ou projet | → Formation pour développement de compétences |  Stagnation de carrière | → Plan de développement de carrière | → Évaluation pour promotion | → Nouvelles responsabilités
430,43,Research & Development,Laboratory Technician,1,0.01912023134187492,Normal,3, Profil stable | → Maintenir les conditions actuelles | → Suivi de routine
431,49,Research & Development,Healthcare Representative,0,0.06576862235927264,Normal,3, Profil stable | → Maintenir les conditions actuelles | → Suivi de routine
433,52,Research & Development,Research Scientist,0,0.6981452916735351,URGENT,8, RISQUE ÉLEVÉ D'ATTRITION | → Entretien individuel immédiat avec le manager | → Révision salariale prioritaire | → Plan de rétention personnalisé |  Stagnation de carrière | → Plan de développement de carrière | → Évaluation pour promotion | → Nouvelles responsabilités
434,27,Research & Development,Research Scientist,1,0.17975154212213532,Normal,3, Surcharge de travail détectée | → Redistribution de la charge de travail | → Embauche d'un support supplémentaire
436,32,Sales,Sales Executive,0,0.06975121319843876,Normal,4, Stagnation de carrière | → Plan de développement de carrière | → Évaluation pour promotion | → Nouvelles responsabilités
437,27,Sales,Sales Executive,1,0.09892029747364615,Normal,3, Salaire en dessous de la moyenne | → Révision salariale recommandée | → Bonus ou avantages supplémentaires
438,31,Sales,Sales Executive,0,0.020171387648473458,Normal,3, Profil stable | → Maintenir les conditions actuelles | → Suivi de routine
439,32,Research & Development,Research Scientist,1,0.03276698451089103,Normal,6, Insatisfaction environnement de travail | → Amélioration des conditions de travail | → Changement d'équipe ou de bureau |  Formation insuffisante | → Programme de formation continue | → Certifications professionnelles
440,28,Research & Development,Research Scientist,1,0.966627364451144,URGENT,13, RISQUE ÉLEVÉ D'ATTRITION | → Entretien individuel immédiat avec le manager | → Révision salariale prioritaire | → Plan de rétention personnalisé |  Surcharge de travail détectée | → Redistribution de la charge de travail | → Embauche d'un support supplémentaire |  Insatisfaction environnement de travail | → Amélioration des conditions de travail | → Changement d'équipe ou de bureau |  Faible implication au travail | → Projets stimulants et motivants | → Reconnaissance et valorisation
441,30,Research & Development,Research Scientist,0,0.010415336693110002,Normal,3, Distance domicile-travail importante | → Télétravail partiel ou complet | → Aide au transport
442,31,Research & Development,Manufacturing Director,0,0.050157622179771044,Normal,4, Stagnation de carrière | → Plan de développement de carrière | → Évaluation pour promotion | → Nouvelles responsabilités
444,39,Research & Development,Manager,0,0.008502619605845262,Normal,4, Stagnation de carrière | → Plan de développement de carrière | → Évaluation pour promotion | → Nouvelles responsabilités
445,39,Sales,Sales Executive,1,0.674202664992406,URGENT,7, RISQUE ÉLEVÉ D'ATTRITION | → Entretien individuel immédiat avec le manager | → Révision salariale prioritaire | → Plan de rétention personnalisé |  Surcharge de travail détectée | → Redistribution de la charge de travail | → Embauche d'un support supplémentaire
446,33,Sales,Sales Executive,1,0.015294329452244449,Normal,3, Salaire en dessous de la moyenne | → Révision salariale recommandée | → Bonus ou avantages supplémentaires
447,47,Research & Development,Research Director,0,0.005466282949543009,Normal,3, Profil stable | → Maintenir les conditions actuelles | → Suivi de routine
448,43,Research & Development,Laboratory Technician,1,0.010451978687704885,Normal,3, Profil stable | → Maintenir les conditions actuelles | → Suivi de routine
449,27,Sales,Sales Executive,1,0.015536125052923547,Normal,3, Formation insuffisante | → Programme de formation continue | → Certifications professionnelles
450,54,Research & Development,Research Scientist,1,0.03112235932715753,Normal,3, Profil stable | → Maintenir les conditions actuelles | → Suivi de routine
451,43,Research & Development,Healthcare Representative,1,0.03592423924552136,Normal,7, Satisfaction au travail faible | → Évaluation des tâches et responsabilités | → Possibilité de changement de rôle ou projet | → Formation pour développement de compétences |  Formation insuffisante | → Programme de formation continue | → Certifications professionnelles
452,45,Research & Development,Research Scientist,0,0.007885686988834744,Normal,7, Stagnation de carrière | → Plan de développement de carrière | → Évaluation pour promotion | → Nouvelles responsabilités |  Salaire en dessous de la moyenne | → Révision salariale recommandée | → Bonus ou avantages supplémentaires
453,40,Sales,Sales Executive,1,0.04010278712815308,Normal,6, Surcharge de travail détectée | → Redistribution de la charge de travail | → Embauche d'un support supplémentaire |  Faible implication au travail | → Projets stimulants et motivants | → Reconnaissance et valorisation
454,29,Research & Development,Laboratory Technician,1,0.9125654434988518,URGENT,17, RISQUE ÉLEVÉ D'ATTRITION | → Entretien individuel immédiat avec le manager | → Révision salariale prioritaire | → Plan de rétention personnalisé |  Satisfaction au travail faible | → Évaluation des tâches et responsabilités | → Possibilité de changement de rôle ou projet | → Formation pour développement de compétences |  Surcharge de travail détectée | → Redistribution de la charge de travail | → Embauche d'un support supplémentaire |  Salaire en dessous de la moyenne | → Révision salariale recommandée | → Bonus ou avantages supplémentaires |  Faible implication au travail | → Projets stimulants et motivants | → Reconnaissance et valorisation
455,29,Research & Development,Laboratory Technician,1,0.024679175376609748,Normal,3, Profil stable | → Maintenir les conditions actuelles | → Suivi de routine
456,30,Sales,Sales Executive,1,0.0064034068877648195,Normal,3, Profil stable | → Maintenir les conditions actuelles | → Suivi de routine
458,27,Sales,Sales Executive,1,0.010855522695252357,Normal,3, Profil stable | → Maintenir les conditions actuelles | → Suivi de routine
460,37,Research & Development,Manufacturing Director,1,0.012356100276247369,Normal,3, Profil stable | → Maintenir les conditions actuelles | → Suivi de routine
461,38,Research & Development,Research Director,0,0.006039826643752317,Normal,3, Profil stable | → Maintenir les conditions actuelles | → Suivi de routine
462,31,Research & Development,Manufacturing Director,0,0.02024760243321043,Normal,6, Surcharge de travail détectée | → Redistribution de la charge de travail | → Embauche d'un support supplémentaire |  Salaire en dessous de la moyenne | → Révision salariale recommandée | → Bonus ou avantages supplémentaires
463,29,Sales,Sales Executive,1,0.07937418897270387,Normal,3, Profil stable | → Maintenir les conditions actuelles | → Suivi de routine
464,35,Research & Development,Manufacturing Director,0,0.012243526907364504,Normal,3, Salaire en dessous de la moyenne | → Révision salariale recommandée | → Bonus ou avantages supplémentaires
465,23,Research & Development,Research Scientist,1,0.0061882762598530665,Normal,3, Distance domicile-travail importante | → Télétravail partiel ou complet | → Aide au transport
466,41,Research & Development,Manufacturing Director,1,0.040356252688365256,Normal,3, Profil stable | → Maintenir les conditions actuelles | → Suivi de routine
467,47,Sales,Sales Representative,1,0.07964826889790963,Normal,3, Salaire en dessous de la moyenne | → Révision salariale recommandée | → Bonus ou avantages supplémentaires
468,42,Research & Development,Research Director,1,0.011954312196274693,Normal,6, Insatisfaction environnement de travail | → Amélioration des conditions de travail | → Changement d'équipe ou de bureau |  Distance domicile-travail importante | → Télétravail partiel ou complet | → Aide au transport
469,29,Sales,Sales Executive,1,0.008074934237480097,Normal,3, Salaire en dessous de la moyenne | → Révision salariale recommandée | → Bonus ou avantages supplémentaires
470,42,Human Resources,Human Resources,1,0.04996113656278123,Normal,3, Profil stable | → Maintenir les conditions actuelles | → Suivi de routine
471,32,Research & Development,Laboratory Technician,1,0.011204570866530423,Normal,3, Salaire en dessous de la moyenne | → Révision salariale recommandée | → Bonus ou avantages supplémentaires
473,48,Sales,Manager,1,0.010590760864117858,Normal,10, Équilibre vie-travail insuffisant | → Réduction des heures supplémentaires | → Télétravail ou horaires flexibles | → Programme de bien-être |  Insatisfaction environnement de travail | → Amélioration des conditions de travail | → Changement d'équipe ou de bureau |  Distance domicile-travail importante | → Télétravail partiel ou complet | → Aide au transport
474,37,Research & Development,Research Scientist,0,0.016877327435242687,Normal,8, Satisfaction au travail faible | → Évaluation des tâches et responsabilités | → Possibilité de changement de rôle ou projet | → Formation pour développement de compétences |  Stagnation de carrière | → Plan de développement de carrière | → Évaluation pour promotion | → Nouvelles responsabilités
475,30,Sales,Sales Executive,1,0.1313173323904487,Normal,6, Salaire en dessous de la moyenne | → Révision salariale recommandée | → Bonus ou avantages supplémentaires |  Distance domicile-travail importante | → Télétravail partiel ou complet | → Aide au transport
476,26,Sales,Sales Executive,0,0.007744693903878281,Normal,4, Stagnation de carrière | → Plan de développement de carrière | → Évaluation pour promotion | → Nouvelles responsabilités
477,42,Research & Development,Healthcare Representative,1,0.00987922161209469,Normal,3, Insatisfaction environnement de travail | → Amélioration des conditions de travail | → Changement d'équipe ou de bureau
478,21,Sales,Sales Representative,1,0.9824015900418155,URGENT,7, RISQUE ÉLEVÉ D'ATTRITION | → Entretien individuel immédiat avec le manager | → Révision salariale prioritaire | → Plan de rétention personnalisé |  Insatisfaction environnement de travail | → Amélioration des conditions de travail | → Changement d'équipe ou de bureau
479,36,Sales,Sales Executive,1,0.004302448380202414,Normal,3, Profil stable | → Maintenir les conditions actuelles | → Suivi de routine
481,36,Sales,Sales Executive,0,0.051013263272436694,Normal,3, Insatisfaction environnement de travail | → Amélioration des conditions de travail | → Changement d'équipe ou de bureau
482,57,Research & Development,Healthcare Representative,1,0.017799812920883135,Normal,3, Profil stable | → Maintenir les conditions actuelles | → Suivi de routine
483,40,Research & Development,Laboratory Technician,1,0.016878361389257204,Normal,3, Salaire en dessous de la moyenne | → Révision salariale recommandée | → Bonus ou avantages supplémentaires
484,21,Sales,Sales Representative,1,0.02200284964976349,Normal,3, Insatisfaction environnement de travail | → Amélioration des conditions de travail | → Changement d'équipe ou de bureau
485,33,Sales,Sales Representative,1,0.8503119613684442,URGENT,4, RISQUE ÉLEVÉ D'ATTRITION | → Entretien individuel immédiat avec le manager | → Révision salariale prioritaire | → Plan de rétention personnalisé
486,37,Research & Development,Laboratory Technician,1,0.022373347727805658,Normal,4, Satisfaction au travail faible | → Évaluation des tâches et responsabilités | → Possibilité de changement de rôle ou projet | → Formation pour développement de compétences
487,46,Research & Development,Manufacturing Director,1,0.009157189019901025,Normal,3, Profil stable | → Maintenir les conditions actuelles | → Suivi de routine
488,41,Sales,Sales Executive,0,0.5847573786580813,Moyen,9, RISQUE MOYEN D'ATTRITION | → Suivi régulier avec le manager |  Insatisfaction environnement de travail | → Amélioration des conditions de travail | → Changement d'équipe ou de bureau |  Stagnation de carrière | → Plan de développement de carrière | → Évaluation pour promotion | → Nouvelles responsabilités
491,50,Research & Development,Healthcare Representative,1,0.020365108138676504,Normal,3, Profil stable | → Maintenir les conditions actuelles | → Suivi de routine
492,40,Sales,Sales Executive,1,0.888791385871466,URGENT,7, RISQUE ÉLEVÉ D'ATTRITION | → Entretien individuel immédiat avec le manager | → Révision salariale prioritaire | → Plan de rétention personnalisé |  Distance domicile-travail importante | → Télétravail partiel ou complet | → Aide au transport
493,31,Research & Development,Research Scientist,1,0.1542340660880952,Normal,3, Profil stable | → Maintenir les conditions actuelles | → Suivi de routine
494,21,Sales,Sales Representative,1,0.8416213317682655,URGENT,7, RISQUE ÉLEVÉ D'ATTRITION | → Entretien individuel immédiat avec le manager | → Révision salariale prioritaire | → Plan de rétention personnalisé |  Formation insuffisante | → Programme de formation continue | → Certifications professionnelles
495,29,Research & Development,Research Scientist,1,0.03426969073117946,Normal,6, Salaire en dessous de la moyenne | → Révision salariale recommandée | → Bonus ou avantages supplémentaires |  Distance domicile-travail importante | → Télétravail partiel ou complet | → Aide au transport
496,35,Research & Development,Healthcare Representative,1,0.017790240441318914,Normal,3, Profil stable | → Maintenir les conditions actuelles | → Suivi de routine
497,27,Research & Development,Laboratory Technician,1,0.007678049750159915,Normal,3, Profil stable | → Maintenir les conditions actuelles | → Suivi de routine
498,28,Sales,Sales Executive,1,0.01178300156805546,Normal,3, Formation insuffisante | → Programme de formation continue | → Certifications professionnelles
499,49,Research & Development,Healthcare Representative,1,0.010650202111243,Normal,3, Profil stable | → Maintenir les conditions actuelles | → Suivi de routine
500,51,Sales,Sales Executive,0,0.01760947638828264,Normal,3, Profil stable | → Maintenir les conditions actuelles | → Suivi de routine
501,36,Research & Development,Research Scientist,1,0.007952346691082114,Normal,3, Profil stable | → Maintenir les conditions actuelles | → Suivi de routine
502,34,Sales,Sales Executive,1,0.9023095648537545,URGENT,10, RISQUE ÉLEVÉ D'ATTRITION | → Entretien individuel immédiat avec le manager | → Révision salariale prioritaire | → Plan de rétention personnalisé |  Surcharge de travail détectée | → Redistribution de la charge de travail | → Embauche d'un support supplémentaire |  Insatisfaction environnement de travail | → Amélioration des conditions de travail | → Changement d'équipe ou de bureau
505,55,Research & Development,Manager,0,0.0039310451658842865,Normal,3, Profil stable | → Maintenir les conditions actuelles | → Suivi de routine
507,24,Sales,Sales Executive,1,0.013958431627212716,Normal,3, Salaire en dessous de la moyenne | → Révision salariale recommandée | → Bonus ou avantages supplémentaires
508,30,Sales,Sales Representative,1,0.08040261196406472,Normal,3, Profil stable | → Maintenir les conditions actuelles | → Suivi de routine
510,26,Research & Development,Research Scientist,1,0.7470318492126473,URGENT,8, RISQUE ÉLEVÉ D'ATTRITION | → Entretien individuel immédiat avec le manager | → Révision salariale prioritaire | → Plan de rétention personnalisé |  Satisfaction au travail faible | → Évaluation des tâches et responsabilités | → Possibilité de changement de rôle ou projet | → Formation pour développement de compétences
511,22,Research & Development,Research Scientist,1,0.024475306316765234,Normal,9, Insatisfaction environnement de travail | → Amélioration des conditions de travail | → Changement d'équipe ou de bureau |  Salaire en dessous de la moyenne | → Révision salariale recommandée | → Bonus ou avantages supplémentaires |  Formation insuffisante | → Programme de formation continue | → Certifications professionnelles
513,36,Sales,Sales Executive,0,0.017154108903202344,Normal,7, Stagnation de carrière | → Plan de développement de carrière | → Évaluation pour promotion | → Nouvelles responsabilités |  Salaire en dessous de la moyenne | → Révision salariale recommandée | → Bonus ou avantages supplémentaires
514,30,Research & Development,Research Scientist,1,0.972052105980595,URGENT,7, RISQUE ÉLEVÉ D'ATTRITION | → Entretien individuel immédiat avec le manager | → Révision salariale prioritaire | → Plan de rétention personnalisé |  Salaire en dessous de la moyenne | → Révision salariale recommandée | → Bonus ou avantages supplémentaires
515,37,Research & Development,Laboratory Technician,0,0.013558773768500485,Normal,8, Satisfaction au travail faible | → Évaluation des tâches et responsabilités | → Possibilité de changement de rôle ou projet | → Formation pour développement de compétences |  Stagnation de carrière | → Plan de développement de carrière | → Évaluation pour promotion | → Nouvelles responsabilités
516,40,Sales,Sales Executive,1,0.011239653140977648,Normal,3, Profil stable | → Maintenir les conditions actuelles | → Suivi de routine
517,42,Research & Development,Laboratory Technician,1,0.008236138252879156,Normal,4, Satisfaction au travail faible | → Évaluation des tâches et responsabilités | → Possibilité de changement de rôle ou projet | → Formation pour développement de compétences
518,37,Research & Development,Manufacturing Director,1,0.01585330971562053,Normal,6, Surcharge de travail détectée | → Redistribution de la charge de travail | → Embauche d'un support supplémentaire |  Salaire en dessous de la moyenne | → Révision salariale recommandée | → Bonus ou avantages supplémentaires
520,43,Research & Development,Research Director,0,0.011199860135476022,Normal,3, Insatisfaction environnement de travail | → Amélioration des conditions de travail | → Changement d'équipe ou de bureau
521,40,Research & Development,Laboratory Technician,1,0.00850612456535782,Normal,3, Salaire en dessous de la moyenne | → Révision salariale recommandée | → Bonus ou avantages supplémentaires
522,54,Research & Development,Research Director,0,0.02419375866001926,Normal,7, Satisfaction au travail faible | → Évaluation des tâches et responsabilités | → Possibilité de changement de rôle ou projet | → Formation pour développement de compétences |  Insatisfaction environnement de travail | → Amélioration des conditions de travail | → Changement d'équipe ou de bureau
523,34,Sales,Sales Executive,1,0.014820770057872914,Normal,3, Profil stable | → Maintenir les conditions actuelles | → Suivi de routine
524,31,Research & Development,Manufacturing Director,0,0.015090763871329904,Normal,11, Satisfaction au travail faible | → Évaluation des tâches et responsabilités | → Possibilité de changement de rôle ou projet | → Formation pour développement de compétences |  Équilibre vie-travail insuffisant | → Réduction des heures supplémentaires | → Télétravail ou horaires flexibles | → Programme de bien-être |  Salaire en dessous de la moyenne | → Révision salariale recommandée | → Bonus ou avantages supplémentaires
525,43,Research & Development,Laboratory Technician,1,0.014533043825869289,Normal,9, Salaire en dessous de la moyenne | → Révision salariale recommandée | → Bonus ou avantages supplémentaires |  Formation insuffisante | → Programme de formation continue | → Certifications professionnelles |  Distance domicile-travail importante | → Télétravail partiel ou complet | → Aide au transport
526,43,Research & Development,Healthcare Representative,1,0.015549053076148537,Normal,3, Profil stable | → Maintenir les conditions actuelles | → Suivi de routine
527,25,Sales,Sales Executive,1,0.056790293933443405,Normal,3, Salaire en dessous de la moyenne | → Révision salariale recommandée | → Bonus ou avantages supplémentaires
529,37,Research & Development,Research Scientist,0,0.005353639724444532,Normal,10, Stagnation de carrière | → Plan de développement de carrière | → Évaluation pour promotion | → Nouvelles responsabilités |  Salaire en dessous de la moyenne | → Révision salariale recommandée | → Bonus ou avantages supplémentaires |  Distance domicile-travail importante | → Télétravail partiel ou complet | → Aide au transport
530,31,Research & Development,Laboratory Technician,1,0.014660754423783406,Normal,7, Satisfaction au travail faible | → Évaluation des tâches et responsabilités | → Possibilité de changement de rôle ou projet | → Formation pour développement de compétences |  Salaire en dessous de la moyenne | → Révision salariale recommandée | → Bonus ou avantages supplémentaires
531,39,Research & Development,Manager,0,0.010324943772846491,Normal,3, Profil stable | → Maintenir les conditions actuelles | → Suivi de routine
532,56,Sales,Sales Executive,0,0.052274491361316996,Normal,11, Satisfaction au travail faible | → Évaluation des tâches et responsabilités | → Possibilité de changement de rôle ou projet | → Formation pour développement de compétences |  Stagnation de carrière | → Plan de développement de carrière | → Évaluation pour promotion | → Nouvelles responsabilités |  Formation insuffisante | → Programme de formation continue | → Certifications professionnelles
533,30,Sales,Sales Executive,1,0.026174646071352135,Normal,3, Profil stable | → Maintenir les conditions actuelles | → Suivi de routine
534,41,Sales,Sales Executive,0,0.00674949155579893,Normal,4, Satisfaction au travail faible | → Évaluation des tâches et responsabilités | → Possibilité de changement de rôle ou projet | → Formation pour développement de compétences
536,28,Research & Development,Laboratory Technician,1,0.026036175039882762,Normal,4, Satisfaction au travail faible | → Évaluation des tâches et responsabilités | → Possibilité de changement de rôle ou projet | → Formation pour développement de compétences
538,25,Research & Development,Laboratory Technician,1,0.6427652136716645,URGENT,11, RISQUE ÉLEVÉ D'ATTRITION | → Entretien individuel immédiat avec le manager | → Révision salariale prioritaire | → Plan de rétention personnalisé |  Satisfaction au travail faible | → Évaluation des tâches et responsabilités | → Possibilité de changement de rôle ou projet | → Formation pour développement de compétences |  Insatisfaction environnement de travail | → Amélioration des conditions de travail | → Changement d'équipe ou de bureau
543,52,Research & Development,Manufacturing Director,0,0.016428803565585726,Normal,3, Salaire en dessous de la moyenne | → Révision salariale recommandée | → Bonus ou avantages supplémentaires
544,45,Research & Development,Research Scientist,1,0.00740609796863323,Normal,3, Insatisfaction environnement de travail | → Amélioration des conditions de travail | → Changement d'équipe ou de bureau
546,52,Research & Development,Manager,0,0.004225290901944839,Normal,4, Équilibre vie-travail insuffisant | → Réduction des heures supplémentaires | → Télétravail ou horaires flexibles | → Programme de bien-être
547,42,Research & Development,Research Scientist,1,0.047314333891276816,Normal,6, Insatisfaction environnement de travail | → Amélioration des conditions de travail | → Changement d'équipe ou de bureau |  Distance domicile-travail importante | → Télétravail partiel ou complet | → Aide au transport
548,30,Research & Development,Manufacturing Director,1,0.007097306077684711,Normal,3, Faible implication au travail | → Projets stimulants et motivants | → Reconnaissance et valorisation
549,60,Research & Development,Manager,0,0.015632345223047742,Normal,15, Satisfaction au travail faible | → Évaluation des tâches et responsabilités | → Possibilité de changement de rôle ou projet | → Formation pour développement de compétences |  Équilibre vie-travail insuffisant | → Réduction des heures supplémentaires | → Télétravail ou horaires flexibles | → Programme de bien-être |  Insatisfaction environnement de travail | → Amélioration des conditions de travail | → Changement d'équipe ou de bureau |  Stagnation de carrière | → Plan de développement de carrière | → Évaluation pour promotion | → Nouvelles responsabilités
550,46,Research & Development,Manufacturing Director,0,0.013006572944571825,Normal,3, Profil stable | → Maintenir les conditions actuelles | → Suivi de routine
551,42,Research & Development,Healthcare Representative,1,0.010949887045447198,Normal,3, Distance domicile-travail importante | → Télétravail partiel ou complet | → Aide au transport
554,24,Sales,Sales Representative,1,0.9400561603198233,URGENT,7, RISQUE ÉLEVÉ D'ATTRITION | → Entretien individuel immédiat avec le manager | → Révision salariale prioritaire | → Plan de rétention personnalisé |  Insatisfaction environnement de travail | → Amélioration des conditions de travail | → Changement d'équipe ou de bureau
555,34,Sales,Sales Representative,1,0.7976855681432181,URGENT,7, RISQUE ÉLEVÉ D'ATTRITION | → Entretien individuel immédiat avec le manager | → Révision salariale prioritaire | → Plan de rétention personnalisé |  Faible implication au travail | → Projets stimulants et motivants | → Reconnaissance et valorisation
556,38,Research & Development,Laboratory Technician,1,0.10002273246610821,Normal,3, Salaire en dessous de la moyenne | → Révision salariale recommandée | → Bonus ou avantages supplémentaires
558,40,Sales,Manager,0,0.0035886060091170646,Normal,3, Profil stable | → Maintenir les conditions actuelles | → Suivi de routine
560,26,Research & Development,Research Scientist,1,0.008218917069014451,Normal,10, Équilibre vie-travail insuffisant | → Réduction des heures supplémentaires | → Télétravail ou horaires flexibles | → Programme de bien-être |  Insatisfaction environnement de travail | → Amélioration des conditions de travail | → Changement d'équipe ou de bureau |  Distance domicile-travail importante | → Télétravail partiel ou complet | → Aide au transport
562,30,Research & Development,Laboratory Technician,1,0.013107129624449446,Normal,7, Équilibre vie-travail insuffisant | → Réduction des heures supplémentaires | → Télétravail ou horaires flexibles | → Programme de bien-être |  Salaire en dessous de la moyenne | → Révision salariale recommandée | → Bonus ou avantages supplémentaires
564,29,Research & Development,Research Director,1,0.014480551055963133,Normal,3, Profil stable | → Maintenir les conditions actuelles | → Suivi de routine
565,29,Research & Development,Research Scientist,1,0.7642571438888894,URGENT,7, RISQUE ÉLEVÉ D'ATTRITION | → Entretien individuel immédiat avec le manager | → Révision salariale prioritaire | → Plan de rétention personnalisé |  Distance domicile-travail importante | → Télétravail partiel ou complet | → Aide au transport
566,19,Human Resources,Human Resources,1,0.906647851909363,URGENT,7, RISQUE ÉLEVÉ D'ATTRITION | → Entretien individuel immédiat avec le manager | → Révision salariale prioritaire | → Plan de rétention personnalisé |  Insatisfaction environnement de travail | → Amélioration des conditions de travail | → Changement d'équipe ou de bureau
567,30,Sales,Sales Executive,0,0.09244809575570313,Normal,11, Satisfaction au travail faible | → Évaluation des tâches et responsabilités | → Possibilité de changement de rôle ou projet | → Formation pour développement de compétences |  Stagnation de carrière | → Plan de développement de carrière | → Évaluation pour promotion | → Nouvelles responsabilités |  Distance domicile-travail importante | → Télétravail partiel ou complet | → Aide au transport
568,57,Sales,Manager,1,0.009207470638503017,Normal,6, Insatisfaction environnement de travail | → Amélioration des conditions de travail | → Changement d'équipe ou de bureau |  Distance domicile-travail importante | → Télétravail partiel ou complet | → Aide au transport
569,50,Research & Development,Manager,0,0.010820890627848403,Normal,7, Stagnation de carrière | → Plan de développement de carrière | → Évaluation pour promotion | → Nouvelles responsabilités |  Distance domicile-travail importante | → Télétravail partiel ou complet | → Aide au transport
571,30,Research & Development,Laboratory Technician,0,0.01013560710095498,Normal,4, Stagnation de carrière | → Plan de développement de carrière | → Évaluation pour promotion | → Nouvelles responsabilités
573,60,Sales,Sales Executive,0,0.05470956491602816,Normal,11, Satisfaction au travail faible | → Évaluation des tâches et responsabilités | → Possibilité de changement de rôle ou projet | → Formation pour développement de compétences |  Stagnation de carrière | → Plan de développement de carrière | → Évaluation pour promotion | → Nouvelles responsabilités |  Distance domicile-travail importante | → Télétravail partiel ou complet | → Aide au transport
574,47,Research & Development,Manufacturing Director,1,0.034839743594249684,Normal,3, Insatisfaction environnement de travail | → Amélioration des conditions de travail | → Changement d'équipe ou de bureau
575,46,Research & Development,Research Director,1,0.012390465782832441,Normal,7, Équilibre vie-travail insuffisant | → Réduction des heures supplémentaires | → Télétravail ou horaires flexibles | → Programme de bien-être |  Insatisfaction environnement de travail | → Amélioration des conditions de travail | → Changement d'équipe ou de bureau
577,35,Research & Development,Laboratory Technician,1,0.025602829285506338,Normal,6, Distance domicile-travail importante | → Télétravail partiel ou complet | → Aide au transport |  Faible implication au travail | → Projets stimulants et motivants | → Reconnaissance et valorisation
578,54,Research & Development,Laboratory Technician,1,0.011470791971070314,Normal,3, Salaire en dessous de la moyenne | → Révision salariale recommandée | → Bonus ou avantages supplémentaires
579,34,Research & Development,Research Scientist,1,0.00760667332636002,Normal,3, Profil stable | → Maintenir les conditions actuelles | → Suivi de routine
580,46,Sales,Sales Executive,1,0.01404388231147451,Normal,3, Profil stable | → Maintenir les conditions actuelles | → Suivi de routine
581,31,Research & Development,Manufacturing Director,0,0.0063800758113248665,Normal,3, Profil stable | → Maintenir les conditions actuelles | → Suivi de routine
582,33,Research & Development,Manager,0,0.8033204839722086,URGENT,8, RISQUE ÉLEVÉ D'ATTRITION | → Entretien individuel immédiat avec le manager | → Révision salariale prioritaire | → Plan de rétention personnalisé |  Stagnation de carrière | → Plan de développement de carrière | → Évaluation pour promotion | → Nouvelles responsabilités
584,33,Research & Development,Laboratory Technician,1,0.8484580010240007,URGENT,10, RISQUE ÉLEVÉ D'ATTRITION | → Entretien individuel immédiat avec le manager | → Révision salariale prioritaire | → Plan de rétention personnalisé |  Insatisfaction environnement de travail | → Amélioration des conditions de travail | → Changement d'équipe ou de bureau |  Faible implication au travail | → Projets stimulants et motivants | → Reconnaissance et valorisation
585,30,Sales,Sales Representative,1,0.05696155615711523,Normal,3, Profil stable | → Maintenir les conditions actuelles | → Suivi de routine
586,35,Research & Development,Healthcare Representative,1,0.023227918343558557,Normal,3, Salaire en dessous de la moyenne | → Révision salariale recommandée | → Bonus ou avantages supplémentaires
587,31,Research & Development,Healthcare Representative,1,0.9278738870087004,URGENT,7, RISQUE ÉLEVÉ D'ATTRITION | → Entretien individuel immédiat avec le manager | → Révision salariale prioritaire | → Plan de rétention personnalisé |  Insatisfaction environnement de travail | → Amélioration des conditions de travail | → Changement d'équipe ou de bureau
590,34,Human Resources,Human Resources,1,0.8799752250285252,URGENT,11, RISQUE ÉLEVÉ D'ATTRITION | → Entretien individuel immédiat avec le manager | → Révision salariale prioritaire | → Plan de rétention personnalisé |  Satisfaction au travail faible | → Évaluation des tâches et responsabilités | → Possibilité de changement de rôle ou projet | → Formation pour développement de compétences |  Distance domicile-travail importante | → Télétravail partiel ou complet | → Aide au transport
591,42,Research & Development,Laboratory Technician,1,0.03906660403418648,Normal,3, Salaire en dessous de la moyenne | → Révision salariale recommandée | → Bonus ou avantages supplémentaires
592,36,Sales,Sales Executive,0,0.0620626346059613,Normal,4, Stagnation de carrière | → Plan de développement de carrière | → Évaluation pour promotion | → Nouvelles responsabilités
593,22,Research & Development,Laboratory Technician,1,0.8398521325612202,URGENT,4, RISQUE ÉLEVÉ D'ATTRITION | → Entretien individuel immédiat avec le manager | → Révision salariale prioritaire | → Plan de rétention personnalisé
595,48,Sales,Sales Executive,0,0.03814253542699124,Normal,7, Stagnation de carrière | → Plan de développement de carrière | → Évaluation pour promotion | → Nouvelles responsabilités |  Salaire en dessous de la moyenne | → Révision salariale recommandée | → Bonus ou avantages supplémentaires
597,55,Sales,Manager,0,0.02420058037374885,Normal,7, Insatisfaction environnement de travail | → Amélioration des conditions de travail | → Changement d'équipe ou de bureau |  Stagnation de carrière | → Plan de développement de carrière | → Évaluation pour promotion | → Nouvelles responsabilités
599,41,Sales,Sales Executive,0,0.006895949243097616,Normal,3, Profil stable | → Maintenir les conditions actuelles | → Suivi de routine
600,35,Sales,Sales Executive,0,0.02920320092693194,Normal,7, Stagnation de carrière | → Plan de développement de carrière | → Évaluation pour promotion | → Nouvelles responsabilités |  Salaire en dessous de la moyenne | → Révision salariale recommandée | → Bonus ou avantages supplémentaires
601,40,Research & Development,Manufacturing Director,0,0.005813108490929833,Normal,3, Salaire en dessous de la moyenne | → Révision salariale recommandée | → Bonus ou avantages supplémentaires
602,39,Research & Development,Laboratory Technician,1,0.03398197268571973,Normal,3, Profil stable | → Maintenir les conditions actuelles | → Suivi de routine
604,31,Sales,Sales Executive,1,0.08353000916977765,Normal,3, Profil stable | → Maintenir les conditions actuelles | → Suivi de routine
605,42,Research & Development,Manufacturing Director,0,0.06803702892317301,Normal,13, Satisfaction au travail faible | → Évaluation des tâches et responsabilités | → Possibilité de changement de rôle ou projet | → Formation pour développement de compétences |  Surcharge de travail détectée | → Redistribution de la charge de travail | → Embauche d'un support supplémentaire |  Salaire en dessous de la moyenne | → Révision salariale recommandée | → Bonus ou avantages supplémentaires |  Distance domicile-travail importante | → Télétravail partiel ou complet | → Aide au transport
606,45,Sales,Sales Executive,0,0.010001339459594605,Normal,3, Salaire en dessous de la moyenne | → Révision salariale recommandée | → Bonus ou avantages supplémentaires
608,26,Human Resources,Human Resources,1,0.8918689898630684,URGENT,7, RISQUE ÉLEVÉ D'ATTRITION | → Entretien individuel immédiat avec le manager | → Révision salariale prioritaire | → Plan de rétention personnalisé |  Surcharge de travail détectée | → Redistribution de la charge de travail | → Embauche d'un support supplémentaire
611,29,Research & Development,Manufacturing Director,1,0.016556420280810467,Normal,3, Salaire en dessous de la moyenne | → Révision salariale recommandée | → Bonus ou avantages supplémentaires
612,33,Research & Development,Research Director,1,0.003232058771458628,Normal,3, Insatisfaction environnement de travail | → Amélioration des conditions de travail | → Changement d'équipe ou de bureau
613,31,Sales,Manager,1,0.009406049934582515,Normal,3, Profil stable | → Maintenir les conditions actuelles | → Suivi de routine
614,18,Sales,Sales Representative,1,0.9760131201654371,URGENT,7, RISQUE ÉLEVÉ D'ATTRITION | → Entretien individuel immédiat avec le manager | → Révision salariale prioritaire | → Plan de rétention personnalisé |  Salaire en dessous de la moyenne | → Révision salariale recommandée | → Bonus ou avantages supplémentaires
615,40,Sales,Sales Executive,1,0.01031336579807006,Normal,10, Satisfaction au travail faible | → Évaluation des tâches et responsabilités | → Possibilité de changement de rôle ou projet | → Formation pour développement de compétences |  Distance domicile-travail importante | → Télétravail partiel ou complet | → Aide au transport |  Faible implication au travail | → Projets stimulants et motivants | → Reconnaissance et valorisation
616,41,Research & Development,Healthcare Representative,1,0.025478911380438295,Normal,3, Insatisfaction environnement de travail | → Amélioration des conditions de travail | → Changement d'équipe ou de bureau
618,26,Sales,Sales Executive,1,0.08687756136750524,Normal,9, Insatisfaction environnement de travail | → Amélioration des conditions de travail | → Changement d'équipe ou de bureau |  Salaire en dessous de la moyenne | → Révision salariale recommandée | → Bonus ou avantages supplémentaires |  Distance domicile-travail importante | → Télétravail partiel ou complet | → Aide au transport
620,35,Sales,Sales Executive,1,0.021331352117971377,Normal,6, Insatisfaction environnement de travail | → Amélioration des conditions de travail | → Changement d'équipe ou de bureau |  Salaire en dessous de la moyenne | → Révision salariale recommandée | → Bonus ou avantages supplémentaires
621,34,Sales,Sales Executive,0,0.023541614570244673,Normal,3, Distance domicile-travail importante | → Télétravail partiel ou complet | → Aide au transport
622,26,Research & Development,Laboratory Technician,1,0.9872714461331993,URGENT,20, RISQUE ÉLEVÉ D'ATTRITION | → Entretien individuel immédiat avec le manager | → Révision salariale prioritaire | → Plan de rétention personnalisé |  Équilibre vie-travail insuffisant | → Réduction des heures supplémentaires | → Télétravail ou horaires flexibles | → Programme de bien-être |  Surcharge de travail détectée | → Redistribution de la charge de travail | → Embauche d'un support supplémentaire |  Salaire en dessous de la moyenne | → Révision salariale recommandée | → Bonus ou avantages supplémentaires |  Distance domicile-travail importante | → Télétravail partiel ou complet | → Aide au transport |  Faible implication au travail | → Projets stimulants et motivants | → Reconnaissance et valorisation
623,37,Research & Development,Manufacturing Director,1,0.010956081657648803,Normal,3, Salaire en dessous de la moyenne | → Révision salariale recommandée | → Bonus ou avantages supplémentaires
624,46,Research & Development,Healthcare Representative,1,0.03930171008932307,Normal,3, Insatisfaction environnement de travail | → Amélioration des conditions de travail | → Changement d'équipe ou de bureau
625,41,Sales,Manager,0,0.007099160011188513,Normal,8, Satisfaction au travail faible | → Évaluation des tâches et responsabilités | → Possibilité de changement de rôle ou projet | → Formation pour développement de compétences |  Stagnation de carrière | → Plan de développement de carrière | → Évaluation pour promotion | → Nouvelles responsabilités
626,37,Sales,Sales Executive,0,0.010050134474848657,Normal,7, Insatisfaction environnement de travail | → Amélioration des conditions de travail | → Changement d'équipe ou de bureau |  Stagnation de carrière | → Plan de développement de carrière | → Évaluation pour promotion | → Nouvelles responsabilités
630,52,Research & Development,Research Scientist,0,0.009813211687138267,Normal,8, Satisfaction au travail faible | → Évaluation des tâches et responsabilités | → Possibilité de changement de rôle ou projet | → Formation pour développement de compétences |  Stagnation de carrière | → Plan de développement de carrière | → Évaluation pour promotion | → Nouvelles responsabilités
631,32,Sales,Sales Executive,1,0.6885354216527984,URGENT,7, RISQUE ÉLEVÉ D'ATTRITION | → Entretien individuel immédiat avec le manager | → Révision salariale prioritaire | → Plan de rétention personnalisé |  Salaire en dessous de la moyenne | → Révision salariale recommandée | → Bonus ou avantages supplémentaires
632,24,Sales,Sales Representative,1,0.03179047809410365,Normal,3, Distance domicile-travail importante | → Télétravail partiel ou complet | → Aide au transport
634,38,Research & Development,Healthcare Representative,1,0.01004448260538117,Normal,3, Profil stable | → Maintenir les conditions actuelles | → Suivi de routine
635,37,Research & Development,Manufacturing Director,1,0.009858326566292543,Normal,3, Profil stable | → Maintenir les conditions actuelles | → Suivi de routine
638,49,Research & Development,Research Director,0,0.006492117276809471,Normal,3, Profil stable | → Maintenir les conditions actuelles | → Suivi de routine
639,24,Research & Development,Research Scientist,1,0.03463276147074017,Normal,3, Distance domicile-travail importante | → Télétravail partiel ou complet | → Aide au transport
641,26,Sales,Sales Executive,1,0.0413319945119707,Normal,6, Insatisfaction environnement de travail | → Amélioration des conditions de travail | → Changement d'équipe ou de bureau |  Distance domicile-travail importante | → Télétravail partiel ou complet | → Aide au transport
643,24,Research & Development,Laboratory Technician,1,0.07914051457393777,Normal,3, Salaire en dessous de la moyenne | → Révision salariale recommandée | → Bonus ou avantages supplémentaires
644,50,Human Resources,Manager,0,0.01693027483652963,Normal,7, Insatisfaction environnement de travail | → Amélioration des conditions de travail | → Changement d'équipe ou de bureau |  Stagnation de carrière | → Plan de développement de carrière | → Évaluation pour promotion | → Nouvelles responsabilités
645,25,Sales,Sales Representative,1,0.03813546137450453,Normal,6, Salaire en dessous de la moyenne | → Révision salariale recommandée | → Bonus ou avantages supplémentaires |  Formation insuffisante | → Programme de formation continue | → Certifications professionnelles
647,24,Research & Development,Laboratory Technician,1,0.9054753859361622,URGENT,7, RISQUE ÉLEVÉ D'ATTRITION | → Entretien individuel immédiat avec le manager | → Révision salariale prioritaire | → Plan de rétention personnalisé |  Insatisfaction environnement de travail | → Amélioration des conditions de travail | → Changement d'équipe ou de bureau
648,30,Sales,Sales Representative,1,0.9189969208293729,URGENT,11, RISQUE ÉLEVÉ D'ATTRITION | → Entretien individuel immédiat avec le manager | → Révision salariale prioritaire | → Plan de rétention personnalisé |  Satisfaction au travail faible | → Évaluation des tâches et responsabilités | → Possibilité de changement de rôle ou projet | → Formation pour développement de compétences |  Salaire en dessous de la moyenne | → Révision salariale recommandée | → Bonus ou avantages supplémentaires
649,34,Research & Development,Research Scientist,1,0.02310915275995768,Normal,3, Profil stable | → Maintenir les conditions actuelles | → Suivi de routine
650,31,Sales,Sales Executive,1,0.8120040596339976,URGENT,15, RISQUE ÉLEVÉ D'ATTRITION | → Entretien individuel immédiat avec le manager | → Révision salariale prioritaire | → Plan de rétention personnalisé |  Satisfaction au travail faible | → Évaluation des tâches et responsabilités | → Possibilité de changement de rôle ou projet | → Formation pour développement de compétences |  Équilibre vie-travail insuffisant | → Réduction des heures supplémentaires | → Télétravail ou horaires flexibles | → Programme de bien-être |  Salaire en dessous de la moyenne | → Révision salariale recommandée | → Bonus ou avantages supplémentaires
652,35,Research & Development,Laboratory Technician,1,0.03262249039206857,Normal,9, Insatisfaction environnement de travail | → Amélioration des conditions de travail | → Changement d'équipe ou de bureau |  Salaire en dessous de la moyenne | → Révision salariale recommandée | → Bonus ou avantages supplémentaires |  Distance domicile-travail importante | → Télétravail partiel ou complet | → Aide au transport
653,31,Sales,Sales Executive,0,0.00749438745162751,Normal,3, Insatisfaction environnement de travail | → Amélioration des conditions de travail | → Changement d'équipe ou de bureau
655,27,Research & Development,Research Scientist,1,0.00512155116728999,Normal,6, Insatisfaction environnement de travail | → Amélioration des conditions de travail | → Changement d'équipe ou de bureau |  Salaire en dessous de la moyenne | → Révision salariale recommandée | → Bonus ou avantages supplémentaires
656,37,Sales,Sales Executive,1,0.04790081371562204,Normal,3, Surcharge de travail détectée | → Redistribution de la charge de travail | → Embauche d'un support supplémentaire
657,20,Research & Development,Research Scientist,1,0.05599818251386385,Normal,3, Formation insuffisante | → Programme de formation continue | → Certifications professionnelles
659,42,Research & Development,Healthcare Representative,1,0.007280037321439851,Normal,3, Salaire en dessous de la moyenne | → Révision salariale recommandée | → Bonus ou avantages supplémentaires
661,43,Research & Development,Research Director,1,0.009072473446231716,Normal,3, Surcharge de travail détectée | → Redistribution de la charge de travail | → Embauche d'un support supplémentaire
662,38,Research & Development,Research Scientist,1,0.03210513389323912,Normal,4, Satisfaction au travail faible | → Évaluation des tâches et responsabilités | → Possibilité de changement de rôle ou projet | → Formation pour développement de compétences
663,43,Research & Development,Laboratory Technician,0,0.016281138526026178,Normal,3, Profil stable | → Maintenir les conditions actuelles | → Suivi de routine
664,48,Research & Development,Manager,1,0.00828641721728205,Normal,8, Satisfaction au travail faible | → Évaluation des tâches et responsabilités | → Possibilité de changement de rôle ou projet | → Formation pour développement de compétences |  Équilibre vie-travail insuffisant | → Réduction des heures supplémentaires | → Télétravail ou horaires flexibles | → Programme de bien-être
665,44,Human Resources,Human Resources,1,0.031211187356044234,Normal,6, Insatisfaction environnement de travail | → Amélioration des conditions de travail | → Changement d'équipe ou de bureau |  Formation insuffisante | → Programme de formation continue | → Certifications professionnelles
666,34,Sales,Sales Representative,1,0.05361309938104495,Normal,3, Profil stable | → Maintenir les conditions actuelles | → Suivi de routine
667,27,Sales,Sales Representative,1,0.7720227505543573,URGENT,8, RISQUE ÉLEVÉ D'ATTRITION | → Entretien individuel immédiat avec le manager | → Révision salariale prioritaire | → Plan de rétention personnalisé |  Satisfaction au travail faible | → Évaluation des tâches et responsabilités | → Possibilité de changement de rôle ou projet | → Formation pour développement de compétences
669,21,Sales,Sales Representative,1,0.11612066726065708,Normal,3, Distance domicile-travail importante | → Télétravail partiel ou complet | → Aide au transport
671,44,Research & Development,Manager,0,0.01711499533147818,Normal,3, Profil stable | → Maintenir les conditions actuelles | → Suivi de routine
675,22,Research & Development,Research Scientist,1,0.055286976682367754,Normal,3, Insatisfaction environnement de travail | → Amélioration des conditions de travail | → Changement d'équipe ou de bureau
677,33,Sales,Sales Executive,1,0.022657267416443187,Normal,3, Profil stable | → Maintenir les conditions actuelles | → Suivi de routine
679,32,Research & Development,Research Scientist,1,0.008015159033274608,Normal,6, Surcharge de travail détectée | → Redistribution de la charge de travail | → Embauche d'un support supplémentaire |  Insatisfaction environnement de travail | → Amélioration des conditions de travail | → Changement d'équipe ou de bureau
680,30,Research & Development,Research Scientist,1,0.027925203689358146,Normal,3, Salaire en dessous de la moyenne | → Révision salariale recommandée | → Bonus ou avantages supplémentaires
682,53,Sales,Sales Executive,0,0.05261569009077549,Normal,8, Satisfaction au travail faible | → Évaluation des tâches et responsabilités | → Possibilité de changement de rôle ou projet | → Formation pour développement de compétences |  Stagnation de carrière | → Plan de développement de carrière | → Évaluation pour promotion | → Nouvelles responsabilités
683,34,Research & Development,Research Scientist,0,0.007033262578338479,Normal,4, Stagnation de carrière | → Plan de développement de carrière | → Évaluation pour promotion | → Nouvelles responsabilités
684,45,Sales,Sales Executive,1,0.7451977856048054,URGENT,17, RISQUE ÉLEVÉ D'ATTRITION | → Entretien individuel immédiat avec le manager | → Révision salariale prioritaire | → Plan de rétention personnalisé |  Satisfaction au travail faible | → Évaluation des tâches et responsabilités | → Possibilité de changement de rôle ou projet | → Formation pour développement de compétences |  Insatisfaction environnement de travail | → Amélioration des conditions de travail | → Changement d'équipe ou de bureau |  Salaire en dessous de la moyenne | → Révision salariale recommandée | → Bonus ou avantages supplémentaires |  Distance domicile-travail importante | → Télétravail partiel ou complet | → Aide au transport
686,26,Research & Development,Laboratory Technician,1,0.04353017659388377,Normal,3, Profil stable | → Maintenir les conditions actuelles | → Suivi de routine
689,37,Research & Development,Manufacturing Director,0,0.022112513494410863,Normal,4, Stagnation de carrière | → Plan de développement de carrière | → Évaluation pour promotion | → Nouvelles responsabilités
690,29,Sales,Sales Executive,1,0.024531974269215318,Normal,3, Profil stable | → Maintenir les conditions actuelles | → Suivi de routine
691,35,Research & Development,Research Scientist,0,0.016020757726035426,Normal,7, Stagnation de carrière | → Plan de développement de carrière | → Évaluation pour promotion | → Nouvelles responsabilités |  Faible implication au travail | → Projets stimulants et motivants | → Reconnaissance et valorisation
692,33,Research & Development,Healthcare Representative,0,0.011475091064409299,Normal,4, Équilibre vie-travail insuffisant | → Réduction des heures supplémentaires | → Télétravail ou horaires flexibles | → Programme de bien-être
698,54,Human Resources,Human Resources,0,0.02098665710736083,Normal,7, Stagnation de carrière | → Plan de développement de carrière | → Évaluation pour promotion | → Nouvelles responsabilités |  Formation insuffisante | → Programme de formation continue | → Certifications professionnelles
699,36,Research & Development,Manufacturing Director,1,0.03213035208741766,Normal,3, Profil stable | → Maintenir les conditions actuelles | → Suivi de routine
700,27,Research & Development,Research Scientist,1,0.03186314380740983,Normal,9, Insatisfaction environnement de travail | → Amélioration des conditions de travail | → Changement d'équipe ou de bureau |  Salaire en dessous de la moyenne | → Révision salariale recommandée | → Bonus ou avantages supplémentaires |  Formation insuffisante | → Programme de formation continue | → Certifications professionnelles
701,20,Research & Development,Research Scientist,1,0.9063233994202824,URGENT,7, RISQUE ÉLEVÉ D'ATTRITION | → Entretien individuel immédiat avec le manager | → Révision salariale prioritaire | → Plan de rétention personnalisé |  Salaire en dessous de la moyenne | → Révision salariale recommandée | → Bonus ou avantages supplémentaires
702,33,Research & Development,Research Scientist,0,0.9226762464256754,URGENT,15, RISQUE ÉLEVÉ D'ATTRITION | → Entretien individuel immédiat avec le manager | → Révision salariale prioritaire | → Plan de rétention personnalisé |  Satisfaction au travail faible | → Évaluation des tâches et responsabilités | → Possibilité de changement de rôle ou projet | → Formation pour développement de compétences |  Insatisfaction environnement de travail | → Amélioration des conditions de travail | → Changement d'équipe ou de bureau |  Stagnation de carrière | → Plan de développement de carrière | → Évaluation pour promotion | → Nouvelles responsabilités
704,35,Research & Development,Laboratory Technician,1,0.009755883803973752,Normal,3, Salaire en dessous de la moyenne | → Révision salariale recommandée | → Bonus ou avantages supplémentaires
705,23,Research & Development,Research Scientist,1,0.04959368785096047,Normal,7, Satisfaction au travail faible | → Évaluation des tâches et responsabilités | → Possibilité de changement de rôle ou projet | → Formation pour développement de compétences |  Insatisfaction environnement de travail | → Amélioration des conditions de travail | → Changement d'équipe ou de bureau
707,25,Sales,Sales Executive,1,0.005903399474005259,Normal,3, Salaire en dessous de la moyenne | → Révision salariale recommandée | → Bonus ou avantages supplémentaires
709,38,Sales,Sales Executive,1,0.009673135995581405,Normal,3, Salaire en dessous de la moyenne | → Révision salariale recommandée | → Bonus ou avantages supplémentaires
710,29,Research & Development,Research Scientist,1,0.01750824542448569,Normal,3, Faible implication au travail | → Projets stimulants et motivants | → Reconnaissance et valorisation
712,48,Sales,Sales Executive,1,0.025779328873596425,Normal,3, Profil stable | → Maintenir les conditions actuelles | → Suivi de routine
714,27,Sales,Sales Executive,1,0.007094669876120619,Normal,3, Salaire en dessous de la moyenne | → Révision salariale recommandée | → Bonus ou avantages supplémentaires
715,37,Research & Development,Research Scientist,1,0.021274976874268593,Normal,3, Profil stable | → Maintenir les conditions actuelles | → Suivi de routine
716,50,Research & Development,Laboratory Technician,0,0.009943413721069579,Normal,3, Distance domicile-travail importante | → Télétravail partiel ou complet | → Aide au transport
717,34,Research & Development,Healthcare Representative,0,0.06006647982248323,Normal,7, Stagnation de carrière | → Plan de développement de carrière | → Évaluation pour promotion | → Nouvelles responsabilités |  Salaire en dessous de la moyenne | → Révision salariale recommandée | → Bonus ou avantages supplémentaires
720,24,Sales,Sales Executive,1,0.84811751390857,URGENT,10, RISQUE ÉLEVÉ D'ATTRITION | → Entretien individuel immédiat avec le manager | → Révision salariale prioritaire | → Plan de rétention personnalisé |  Insatisfaction environnement de travail | → Amélioration des conditions de travail | → Changement d'équipe ou de bureau |  Salaire en dessous de la moyenne | → Révision salariale recommandée | → Bonus ou avantages supplémentaires
721,39,Research & Development,Healthcare Representative,0,0.01695065516442993,Normal,4, Stagnation de carrière | → Plan de développement de carrière | → Évaluation pour promotion | → Nouvelles responsabilités
722,32,Sales,Sales Executive,1,0.019048319382463035,Normal,3, Profil stable | → Maintenir les conditions actuelles | → Suivi de routine
723,50,Sales,Sales Executive,1,0.7374897788222619,URGENT,4, RISQUE ÉLEVÉ D'ATTRITION | → Entretien individuel immédiat avec le manager | → Révision salariale prioritaire | → Plan de rétention personnalisé
724,38,Research & Development,Healthcare Representative,0,0.006962842120128456,Normal,3, Profil stable | → Maintenir les conditions actuelles | → Suivi de routine
725,27,Research & Development,Manufacturing Director,1,0.015673555810036616,Normal,7, Satisfaction au travail faible | → Évaluation des tâches et responsabilités | → Possibilité de changement de rôle ou projet | → Formation pour développement de compétences |  Salaire en dessous de la moyenne | → Révision salariale recommandée | → Bonus ou avantages supplémentaires
727,32,Research & Development,Research Director,0,0.014598762428173482,Normal,4, Stagnation de carrière | → Plan de développement de carrière | → Évaluation pour promotion | → Nouvelles responsabilités
728,47,Sales,Sales Executive,0,0.03440672559256961,Normal,4, Satisfaction au travail faible | → Évaluation des tâches et responsabilités | → Possibilité de changement de rôle ou projet | → Formation pour développement de compétences
729,40,Sales,Sales Executive,0,0.023133879291405188,Normal,4, Satisfaction au travail faible | → Évaluation des tâches et responsabilités | → Possibilité de changement de rôle ou projet | → Formation pour développement de compétences
730,53,Research & Development,Research Director,0,0.0036744388097024,Normal,3, Profil stable | → Maintenir les conditions actuelles | → Suivi de routine
731,41,Human Resources,Manager,0,0.012078771729830459,Normal,4, Stagnation de carrière | → Plan de développement de carrière | → Évaluation pour promotion | → Nouvelles responsabilités
732,60,Sales,Sales Executive,1,0.06820690554733543,Normal,10, Satisfaction au travail faible | → Évaluation des tâches et responsabilités | → Possibilité de changement de rôle ou projet | → Formation pour développement de compétences |  Insatisfaction environnement de travail | → Amélioration des conditions de travail | → Changement d'équipe ou de bureau |  Formation insuffisante | → Programme de formation continue | → Certifications professionnelles
733,27,Research & Development,Manufacturing Director,1,0.012058055012294676,Normal,4, Satisfaction au travail faible | → Évaluation des tâches et responsabilités | → Possibilité de changement de rôle ou projet | → Formation pour développement de compétences
734,41,Human Resources,Manager,0,0.003412820149908106,Normal,3, Profil stable | → Maintenir les conditions actuelles | → Suivi de routine
738,50,Sales,Sales Representative,1,0.03935742712729469,Normal,3, Profil stable | → Maintenir les conditions actuelles | → Suivi de routine
741,28,Research & Development,Research Scientist,1,0.9510924830230272,URGENT,13, RISQUE ÉLEVÉ D'ATTRITION | → Entretien individuel immédiat avec le manager | → Révision salariale prioritaire | → Plan de rétention personnalisé |  Insatisfaction environnement de travail | → Amélioration des conditions de travail | → Changement d'équipe ou de bureau |  Salaire en dessous de la moyenne | → Révision salariale recommandée | → Bonus ou avantages supplémentaires |  Faible implication au travail | → Projets stimulants et motivants | → Reconnaissance et valorisation
742,36,Research & Development,Research Director,1,0.0073577266947605375,Normal,7, Satisfaction au travail faible | → Évaluation des tâches et responsabilités | → Possibilité de changement de rôle ou projet | → Formation pour développement de compétences |  Insatisfaction environnement de travail | → Amélioration des conditions de travail | → Changement d'équipe ou de bureau
743,38,Research & Development,Manufacturing Director,1,0.02199645168817003,Normal,3, Salaire en dessous de la moyenne | → Révision salariale recommandée | → Bonus ou avantages supplémentaires
744,44,Research & Development,Laboratory Technician,1,0.04066119809433789,Normal,9, Insatisfaction environnement de travail | → Amélioration des conditions de travail | → Changement d'équipe ou de bureau |  Distance domicile-travail importante | → Télétravail partiel ou complet | → Aide au transport |  Faible implication au travail | → Projets stimulants et motivants | → Reconnaissance et valorisation
746,47,Sales,Sales Executive,0,0.05442671073533749,Normal,7, Surcharge de travail détectée | → Redistribution de la charge de travail | → Embauche d'un support supplémentaire |  Stagnation de carrière | → Plan de développement de carrière | → Évaluation pour promotion | → Nouvelles responsabilités
747,30,Sales,Sales Executive,0,0.0452821871057175,Normal,7, Stagnation de carrière | → Plan de développement de carrière | → Évaluation pour promotion | → Nouvelles responsabilités |  Distance domicile-travail importante | → Télétravail partiel ou complet | → Aide au transport
749,29,Sales,Sales Representative,1,0.13993440324936923,Normal,3, Profil stable | → Maintenir les conditions actuelles | → Suivi de routine
752,42,Research & Development,Research Scientist,1,0.8049554576640201,URGENT,4, RISQUE ÉLEVÉ D'ATTRITION | → Entretien individuel immédiat avec le manager | → Révision salariale prioritaire | → Plan de rétention personnalisé
754,43,Sales,Sales Executive,1,0.011069071955343129,Normal,3, Profil stable | → Maintenir les conditions actuelles | → Suivi de routine
757,34,Research & Development,Healthcare Representative,1,0.02289614240764039,Normal,3, Profil stable | → Maintenir les conditions actuelles | → Suivi de routine
758,23,Research & Development,Laboratory Technician,1,0.030017002807050622,Normal,4, Satisfaction au travail faible | → Évaluation des tâches et responsabilités | → Possibilité de changement de rôle ou projet | → Formation pour développement de compétences
760,39,Human Resources,Human Resources,1,0.010756996821288979,Normal,4, Équilibre vie-travail insuffisant | → Réduction des heures supplémentaires | → Télétravail ou horaires flexibles | → Programme de bien-être
762,56,Research & Development,Healthcare Representative,0,0.014569182170697876,Normal,6, Salaire en dessous de la moyenne | → Révision salariale recommandée | → Bonus ou avantages supplémentaires |  Formation insuffisante | → Programme de formation continue | → Certifications professionnelles
763,40,Research & Development,Research Scientist,1,0.010376695399410796,Normal,6, Surcharge de travail détectée | → Redistribution de la charge de travail | → Embauche d'un support supplémentaire |  Salaire en dessous de la moyenne | → Révision salariale recommandée | → Bonus ou avantages supplémentaires
764,27,Research & Development,Healthcare Representative,1,0.0615239315344338,Normal,8, Satisfaction au travail faible | → Évaluation des tâches et responsabilités | → Possibilité de changement de rôle ou projet | → Formation pour développement de compétences |  Équilibre vie-travail insuffisant | → Réduction des heures supplémentaires | → Télétravail ou horaires flexibles | → Programme de bien-être
766,29,Sales,Sales Representative,1,0.03461169573349654,Normal,3, Profil stable | → Maintenir les conditions actuelles | → Suivi de routine
769,53,Research & Development,Laboratory Technician,1,0.01240019445060454,Normal,3, Salaire en dessous de la moyenne | → Révision salariale recommandée | → Bonus ou avantages supplémentaires
771,35,Research & Development,Healthcare Representative,1,0.01131863017048628,Normal,4, Satisfaction au travail faible | → Évaluation des tâches et responsabilités | → Possibilité de changement de rôle ou projet | → Formation pour développement de compétences
772,32,Research & Development,Laboratory Technician,0,0.028380754878326333,Normal,6, Insatisfaction environnement de travail | → Amélioration des conditions de travail | → Changement d'équipe ou de bureau |  Distance domicile-travail importante | → Télétravail partiel ou complet | → Aide au transport
773,38,Research & Development,Research Scientist,1,0.10872322343747487,Normal,10, Équilibre vie-travail insuffisant | → Réduction des heures supplémentaires | → Télétravail ou horaires flexibles | → Programme de bien-être |  Surcharge de travail détectée | → Redistribution de la charge de travail | → Embauche d'un support supplémentaire |  Formation insuffisante | → Programme de formation continue | → Certifications professionnelles
775,34,Research & Development,Manufacturing Director,1,0.00616889768223781,Normal,4, Satisfaction au travail faible | → Évaluation des tâches et responsabilités | → Possibilité de changement de rôle ou projet | → Formation pour développement de compétences
776,52,Sales,Manager,0,0.03530186287508836,Normal,4, Satisfaction au travail faible | → Évaluation des tâches et responsabilités | → Possibilité de changement de rôle ou projet | → Formation pour développement de compétences
780,33,Research & Development,Research Scientist,0,0.7878619236976951,URGENT,11, RISQUE ÉLEVÉ D'ATTRITION | → Entretien individuel immédiat avec le manager | → Révision salariale prioritaire | → Plan de rétention personnalisé |  Surcharge de travail détectée | → Redistribution de la charge de travail | → Embauche d'un support supplémentaire |  Stagnation de carrière | → Plan de développement de carrière | → Évaluation pour promotion | → Nouvelles responsabilités
781,25,Sales,Sales Executive,1,0.02059702281394502,Normal,3, Distance domicile-travail importante | → Télétravail partiel ou complet | → Aide au transport
783,45,Sales,Sales Representative,1,0.032386785809812184,Normal,3, Faible implication au travail | → Projets stimulants et motivants | → Reconnaissance et valorisation
784,23,Research & Development,Research Scientist,1,0.08110065078721578,Normal,3, Insatisfaction environnement de travail | → Amélioration des conditions de travail | → Changement d'équipe ou de bureau
785,47,Sales,Sales Executive,1,0.9088135515723996,URGENT,7, RISQUE ÉLEVÉ D'ATTRITION | → Entretien individuel immédiat avec le manager | → Révision salariale prioritaire | → Plan de rétention personnalisé |  Distance domicile-travail importante | → Télétravail partiel ou complet | → Aide au transport
786,34,Sales,Sales Executive,1,0.007742983711448769,Normal,3, Profil stable | → Maintenir les conditions actuelles | → Suivi de routine
787,55,Research & Development,Manager,0,0.874175383641296,URGENT,8, RISQUE ÉLEVÉ D'ATTRITION | → Entretien individuel immédiat avec le manager | → Révision salariale prioritaire | → Plan de rétention personnalisé |  Satisfaction au travail faible | → Évaluation des tâches et responsabilités | → Possibilité de changement de rôle ou projet | → Formation pour développement de compétences
789,36,Sales,Sales Executive,0,0.05595759768571891,Normal,13, Satisfaction au travail faible | → Évaluation des tâches et responsabilités | → Possibilité de changement de rôle ou projet | → Formation pour développement de compétences |  Insatisfaction environnement de travail | → Amélioration des conditions de travail | → Changement d'équipe ou de bureau |  Salaire en dessous de la moyenne | → Révision salariale recommandée | → Bonus ou avantages supplémentaires |  Formation insuffisante | → Programme de formation continue | → Certifications professionnelles
791,52,Research & Development,Research Scientist,1,0.0276855400687223,Normal,3, Profil stable | → Maintenir les conditions actuelles | → Suivi de routine
792,26,Research & Development,Laboratory Technician,1,0.07766408865052436,Normal,6, Insatisfaction environnement de travail | → Amélioration des conditions de travail | → Changement d'équipe ou de bureau |  Faible implication au travail | → Projets stimulants et motivants | → Reconnaissance et valorisation
793,29,Research & Development,Healthcare Representative,1,0.05289285242183589,Normal,6, Salaire en dessous de la moyenne | → Révision salariale recommandée | → Bonus ou avantages supplémentaires |  Distance domicile-travail importante | → Télétravail partiel ou complet | → Aide au transport
796,26,Sales,Sales Executive,1,0.8398565498586523,URGENT,8, RISQUE ÉLEVÉ D'ATTRITION | → Entretien individuel immédiat avec le manager | → Révision salariale prioritaire | → Plan de rétention personnalisé |  Satisfaction au travail faible | → Évaluation des tâches et responsabilités | → Possibilité de changement de rôle ou projet | → Formation pour développement de compétences
797,34,Research & Development,Research Scientist,1,0.004812137192754578,Normal,3, Profil stable | → Maintenir les conditions actuelles | → Suivi de routine
799,54,Research & Development,Manufacturing Director,1,0.023265138882980055,Normal,4, Satisfaction au travail faible | → Évaluation des tâches et responsabilités | → Possibilité de changement de rôle ou projet | → Formation pour développement de compétences
800,27,Sales,Sales Executive,1,0.01095525031815789,Normal,3, Salaire en dessous de la moyenne | → Révision salariale recommandée | → Bonus ou avantages supplémentaires
802,37,Research & Development,Research Scientist,1,0.030061554893152306,Normal,7, Satisfaction au travail faible | → Évaluation des tâches et responsabilités | → Possibilité de changement de rôle ou projet | → Formation pour développement de compétences |  Surcharge de travail détectée | → Redistribution de la charge de travail | → Embauche d'un support supplémentaire
803,38,Research & Development,Manufacturing Director,0,0.021701958312638277,Normal,7, Satisfaction au travail faible | → Évaluation des tâches et responsabilités | → Possibilité de changement de rôle ou projet | → Formation pour développement de compétences |  Insatisfaction environnement de travail | → Amélioration des conditions de travail | → Changement d'équipe ou de bureau
804,34,Research & Development,Research Scientist,1,0.05465106569681527,Normal,4, Satisfaction au travail faible | → Évaluation des tâches et responsabilités | → Possibilité de changement de rôle ou projet | → Formation pour développement de compétences
805,35,Sales,Sales Representative,1,0.03505582769102365,Normal,6, Insatisfaction environnement de travail | → Amélioration des conditions de travail | → Changement d'équipe ou de bureau |  Formation insuffisante | → Programme de formation continue | → Certifications professionnelles
806,30,Research & Development,Laboratory Technician,1,0.009101472308018183,Normal,3, Faible implication au travail | → Projets stimulants et motivants | → Reconnaissance et valorisation
807,40,Research & Development,Healthcare Representative,0,0.006196811437940077,Normal,3, Salaire en dessous de la moyenne | → Révision salariale recommandée | → Bonus ou avantages supplémentaires
808,34,Sales,Sales Executive,1,0.03937499861486325,Normal,7, Satisfaction au travail faible | → Évaluation des tâches et responsabilités | → Possibilité de changement de rôle ou projet | → Formation pour développement de compétences |  Formation insuffisante | → Programme de formation continue | → Certifications professionnelles
809,42,Research & Development,Manager,0,0.005561537000441767,Normal,4, Stagnation de carrière | → Plan de développement de carrière | → Évaluation pour promotion | → Nouvelles responsabilités
811,23,Research & Development,Laboratory Technician,1,0.9032182527298709,URGENT,11, RISQUE ÉLEVÉ D'ATTRITION | → Entretien individuel immédiat avec le manager | → Révision salariale prioritaire | → Plan de rétention personnalisé |  Satisfaction au travail faible | → Évaluation des tâches et responsabilités | → Possibilité de changement de rôle ou projet | → Formation pour développement de compétences |  Salaire en dessous de la moyenne | → Révision salariale recommandée | → Bonus ou avantages supplémentaires
812,24,Research & Development,Laboratory Technician,1,0.03390324103792071,Normal,3, Profil stable | → Maintenir les conditions actuelles | → Suivi de routine
813,52,Research & Development,Laboratory Technician,1,0.011838428174288398,Normal,3, Salaire en dessous de la moyenne | → Révision salariale recommandée | → Bonus ou avantages supplémentaires
815,50,Research & Development,Research Director,0,0.01005029938731981,Normal,3, Profil stable | → Maintenir les conditions actuelles | → Suivi de routine
816,29,Research & Development,Laboratory Technician,1,0.9005582697197477,URGENT,14, RISQUE ÉLEVÉ D'ATTRITION | → Entretien individuel immédiat avec le manager | → Révision salariale prioritaire | → Plan de rétention personnalisé |  Satisfaction au travail faible | → Évaluation des tâches et responsabilités | → Possibilité de changement de rôle ou projet | → Formation pour développement de compétences |  Salaire en dessous de la moyenne | → Révision salariale recommandée | → Bonus ou avantages supplémentaires |  Formation insuffisante | → Programme de formation continue | → Certifications professionnelles
817,33,Research & Development,Research Director,0,0.03473865093402206,Normal,3, Profil stable | → Maintenir les conditions actuelles | → Suivi de routine
819,33,Sales,Sales Executive,1,0.8029171646068384,URGENT,11, RISQUE ÉLEVÉ D'ATTRITION | → Entretien individuel immédiat avec le manager | → Révision salariale prioritaire | → Plan de rétention personnalisé |  Satisfaction au travail faible | → Évaluation des tâches et responsabilités | → Possibilité de changement de rôle ou projet | → Formation pour développement de compétences |  Insatisfaction environnement de travail | → Amélioration des conditions de travail | → Changement d'équipe ou de bureau
820,47,Research & Development,Manager,0,0.010679073380484516,Normal,3, Surcharge de travail détectée | → Redistribution de la charge de travail | → Embauche d'un support supplémentaire
823,36,Research & Development,Manufacturing Director,1,0.009733564933872093,Normal,3, Profil stable | → Maintenir les conditions actuelles | → Suivi de routine
824,29,Research & Development,Research Scientist,1,0.005855738172908649,Normal,3, Distance domicile-travail importante | → Télétravail partiel ou complet | → Aide au transport
825,58,Research & Development,Research Director,0,0.8840066906247804,URGENT,8, RISQUE ÉLEVÉ D'ATTRITION | → Entretien individuel immédiat avec le manager | → Révision salariale prioritaire | → Plan de rétention personnalisé |  Stagnation de carrière | → Plan de développement de carrière | → Évaluation pour promotion | → Nouvelles responsabilités
826,35,Research & Development,Research Scientist,1,0.016119265015905285,Normal,3, Formation insuffisante | → Programme de formation continue | → Certifications professionnelles
827,42,Research & Development,Manufacturing Director,1,0.010403996959550178,Normal,3, Profil stable | → Maintenir les conditions actuelles | → Suivi de routine
828,28,Research & Development,Research Scientist,1,0.6072496565812809,URGENT,4, RISQUE ÉLEVÉ D'ATTRITION | → Entretien individuel immédiat avec le manager | → Révision salariale prioritaire | → Plan de rétention personnalisé
829,36,Human Resources,Human Resources,1,0.012556307564087585,Normal,3, Salaire en dessous de la moyenne | → Révision salariale recommandée | → Bonus ou avantages supplémentaires
830,32,Research & Development,Manufacturing Director,0,0.003965630407938067,Normal,4, Stagnation de carrière | → Plan de développement de carrière | → Évaluation pour promotion | → Nouvelles responsabilités
832,40,Research & Development,Laboratory Technician,1,0.07714426773057666,Normal,3, Insatisfaction environnement de travail | → Amélioration des conditions de travail | → Changement d'équipe ou de bureau
833,30,Research & Development,Manufacturing Director,1,0.03948852432910705,Normal,3, Surcharge de travail détectée | → Redistribution de la charge de travail | → Embauche d'un support supplémentaire
834,45,Research & Development,Research Scientist,1,0.024181793454933636,Normal,3, Salaire en dessous de la moyenne | → Révision salariale recommandée | → Bonus ou avantages supplémentaires
836,42,Research & Development,Manufacturing Director,0,0.02047548959529007,Normal,10, Stagnation de carrière | → Plan de développement de carrière | → Évaluation pour promotion | → Nouvelles responsabilités |  Salaire en dessous de la moyenne | → Révision salariale recommandée | → Bonus ou avantages supplémentaires |  Distance domicile-travail importante | → Télétravail partiel ou complet | → Aide au transport
837,38,Research & Development,Healthcare Representative,1,0.03048921409097742,Normal,7, Satisfaction au travail faible | → Évaluation des tâches et responsabilités | → Possibilité de changement de rôle ou projet | → Formation pour développement de compétences |  Insatisfaction environnement de travail | → Amélioration des conditions de travail | → Changement d'équipe ou de bureau
838,34,Research & Development,Research Scientist,1,0.014017516937474184,Normal,3, Profil stable | → Maintenir les conditions actuelles | → Suivi de routine
840,49,Sales,Sales Executive,0,0.6698981897339226,URGENT,11, RISQUE ÉLEVÉ D'ATTRITION | → Entretien individuel immédiat avec le manager | → Révision salariale prioritaire | → Plan de rétention personnalisé |  Stagnation de carrière | → Plan de développement de carrière | → Évaluation pour promotion | → Nouvelles responsabilités |  Salaire en dessous de la moyenne | → Révision salariale recommandée | → Bonus ou avantages supplémentaires
842,55,Sales,Sales Executive,0,0.7853366755435639,URGENT,8, RISQUE ÉLEVÉ D'ATTRITION | → Entretien individuel immédiat avec le manager | → Révision salariale prioritaire | → Plan de rétention personnalisé |  Stagnation de carrière | → Plan de développement de carrière | → Évaluation pour promotion | → Nouvelles responsabilités
843,43,Research & Development,Research Director,1,0.01602733028160149,Normal,4, Satisfaction au travail faible | → Évaluation des tâches et responsabilités | → Possibilité de changement de rôle ou projet | → Formation pour développement de compétences
844,27,Research & Development,Research Director,0,0.012953297200077233,Normal,3, Profil stable | → Maintenir les conditions actuelles | → Suivi de routine
845,35,Research & Development,Manufacturing Director,0,0.015687671415830832,Normal,3, Profil stable | → Maintenir les conditions actuelles | → Suivi de routine
846,28,Sales,Sales Executive,1,0.16753858014281348,Normal,7, Stagnation de carrière | → Plan de développement de carrière | → Évaluation pour promotion | → Nouvelles responsabilités |  Salaire en dessous de la moyenne | → Révision salariale recommandée | → Bonus ou avantages supplémentaires
847,34,Human Resources,Human Resources,1,0.013891428172900872,Normal,7, Équilibre vie-travail insuffisant | → Réduction des heures supplémentaires | → Télétravail ou horaires flexibles | → Programme de bien-être |  Formation insuffisante | → Programme de formation continue | → Certifications professionnelles
848,26,Research & Development,Research Scientist,1,0.8368953138194496,URGENT,7, RISQUE ÉLEVÉ D'ATTRITION | → Entretien individuel immédiat avec le manager | → Révision salariale prioritaire | → Plan de rétention personnalisé |  Salaire en dessous de la moyenne | → Révision salariale recommandée | → Bonus ou avantages supplémentaires
850,27,Research & Development,Research Scientist,1,0.011493889002790912,Normal,3, Salaire en dessous de la moyenne | → Révision salariale recommandée | → Bonus ou avantages supplémentaires
851,51,Sales,Manager,0,0.009006522735541036,Normal,6, Insatisfaction environnement de travail | → Amélioration des conditions de travail | → Changement d'équipe ou de bureau |  Distance domicile-travail importante | → Télétravail partiel ou complet | → Aide au transport
852,44,Research & Development,Healthcare Representative,1,0.01983925010804809,Normal,3, Profil stable | → Maintenir les conditions actuelles | → Suivi de routine
854,25,Research & Development,Research Scientist,1,0.21694092979874224,Normal,7, Satisfaction au travail faible | → Évaluation des tâches et responsabilités | → Possibilité de changement de rôle ou projet | → Formation pour développement de compétences |  Insatisfaction environnement de travail | → Amélioration des conditions de travail | → Changement d'équipe ou de bureau
855,33,Sales,Sales Executive,1,0.006007583121124568,Normal,10, Satisfaction au travail faible | → Évaluation des tâches et responsabilités | → Possibilité de changement de rôle ou projet | → Formation pour développement de compétences |  Insatisfaction environnement de travail | → Amélioration des conditions de travail | → Changement d'équipe ou de bureau |  Salaire en dessous de la moyenne | → Révision salariale recommandée | → Bonus ou avantages supplémentaires
856,35,Research & Development,Research Scientist,1,0.08075727795519544,Normal,7, Satisfaction au travail faible | → Évaluation des tâches et responsabilités | → Possibilité de changement de rôle ou projet | → Formation pour développement de compétences |  Distance domicile-travail importante | → Télétravail partiel ou complet | → Aide au transport
857,36,Sales,Sales Executive,0,0.016373443359879673,Normal,6, Surcharge de travail détectée | → Redistribution de la charge de travail | → Embauche d'un support supplémentaire |  Formation insuffisante | → Programme de formation continue | → Certifications professionnelles
859,32,Sales,Sales Executive,1,0.016029458002332367,Normal,3, Salaire en dessous de la moyenne | → Révision salariale recommandée | → Bonus ou avantages supplémentaires
861,30,Research & Development,Research Scientist,1,0.03469740080906226,Normal,3, Profil stable | → Maintenir les conditions actuelles | → Suivi de routine
862,53,Sales,Sales Executive,0,0.045431107399624734,Normal,3, Insatisfaction environnement de travail | → Amélioration des conditions de travail | → Changement d'équipe ou de bureau
864,45,Sales,Sales Executive,1,0.02442471382390896,Normal,4, Satisfaction au travail faible | → Évaluation des tâches et responsabilités | → Possibilité de changement de rôle ou projet | → Formation pour développement de compétences
865,32,Research & Development,Research Scientist,1,0.00793686117885794,Normal,3, Profil stable | → Maintenir les conditions actuelles | → Suivi de routine
867,52,Research & Development,Manufacturing Director,0,0.007691362868587148,Normal,3, Distance domicile-travail importante | → Télétravail partiel ou complet | → Aide au transport
868,37,Sales,Sales Executive,1,0.017942153842553744,Normal,3, Profil stable | → Maintenir les conditions actuelles | → Suivi de routine
869,28,Human Resources,Human Resources,1,0.010815707198668166,Normal,3, Profil stable | → Maintenir les conditions actuelles | → Suivi de routine
872,22,Research & Development,Manufacturing Director,1,0.03234174078103587,Normal,4, Équilibre vie-travail insuffisant | → Réduction des heures supplémentaires | → Télétravail ou horaires flexibles | → Programme de bien-être
874,44,Research & Development,Laboratory Technician,1,0.017095054899160106,Normal,6, Surcharge de travail détectée | → Redistribution de la charge de travail | → Embauche d'un support supplémentaire |  Insatisfaction environnement de travail | → Amélioration des conditions de travail | → Changement d'équipe ou de bureau
875,42,Research & Development,Research Scientist,1,0.03509470596136495,Normal,3, Profil stable | → Maintenir les conditions actuelles | → Suivi de routine
878,36,Human Resources,Human Resources,1,0.08398248696118597,Normal,7, Satisfaction au travail faible | → Évaluation des tâches et responsabilités | → Possibilité de changement de rôle ou projet | → Formation pour développement de compétences |  Insatisfaction environnement de travail | → Amélioration des conditions de travail | → Changement d'équipe ou de bureau
879,25,Sales,Sales Executive,1,0.037338486315802166,Normal,7, Satisfaction au travail faible | → Évaluation des tâches et responsabilités | → Possibilité de changement de rôle ou projet | → Formation pour développement de compétences |  Salaire en dessous de la moyenne | → Révision salariale recommandée | → Bonus ou avantages supplémentaires
880,35,Research & Development,Manufacturing Director,0,0.007177814745715165,Normal,3, Profil stable | → Maintenir les conditions actuelles | → Suivi de routine
881,35,Research & Development,Research Scientist,1,0.9578290450574641,URGENT,17, RISQUE ÉLEVÉ D'ATTRITION | → Entretien individuel immédiat avec le manager | → Révision salariale prioritaire | → Plan de rétention personnalisé |  Surcharge de travail détectée | → Redistribution de la charge de travail | → Embauche d'un support supplémentaire |  Stagnation de carrière | → Plan de développement de carrière | → Évaluation pour promotion | → Nouvelles responsabilités |  Salaire en dessous de la moyenne | → Révision salariale recommandée | → Bonus ou avantages supplémentaires |  Distance domicile-travail importante | → Télétravail partiel ou complet | → Aide au transport
882,32,Research & Development,Laboratory Technician,1,0.0032053230559327154,Normal,3, Salaire en dessous de la moyenne | → Révision salariale recommandée | → Bonus ou avantages supplémentaires
885,25,Sales,Sales Executive,1,0.09696840698595807,Normal,10, Satisfaction au travail faible | → Évaluation des tâches et responsabilités | → Possibilité de changement de rôle ou projet | → Formation pour développement de compétences |  Salaire en dessous de la moyenne | → Révision salariale recommandée | → Bonus ou avantages supplémentaires |  Formation insuffisante | → Programme de formation continue | → Certifications professionnelles
887,49,Research & Development,Research Scientist,1,0.01102517628123574,Normal,4, Satisfaction au travail faible | → Évaluation des tâches et responsabilités | → Possibilité de changement de rôle ou projet | → Formation pour développement de compétences
888,24,Research & Development,Laboratory Technician,1,0.0113067415654963,Normal,3, Insatisfaction environnement de travail | → Amélioration des conditions de travail | → Changement d'équipe ou de bureau
889,32,Sales,Sales Executive,0,0.014203165056827866,Normal,3, Profil stable | → Maintenir les conditions actuelles | → Suivi de routine
893,38,Sales,Sales Representative,1,0.028990623709090765,Normal,3, Profil stable | → Maintenir les conditions actuelles | → Suivi de routine
894,42,Research & Development,Laboratory Technician,1,0.004134212937391247,Normal,6, Surcharge de travail détectée | → Redistribution de la charge de travail | → Embauche d'un support supplémentaire |  Formation insuffisante | → Programme de formation continue | → Certifications professionnelles
895,31,Research & Development,Research Scientist,1,0.07933267867365969,Normal,3, Salaire en dessous de la moyenne | → Révision salariale recommandée | → Bonus ou avantages supplémentaires
896,29,Sales,Sales Representative,1,0.8535036577613521,URGENT,4, RISQUE ÉLEVÉ D'ATTRITION | → Entretien individuel immédiat avec le manager | → Révision salariale prioritaire | → Plan de rétention personnalisé
897,53,Sales,Sales Executive,1,0.015521891060936967,Normal,6, Insatisfaction environnement de travail | → Amélioration des conditions de travail | → Changement d'équipe ou de bureau |  Salaire en dessous de la moyenne | → Révision salariale recommandée | → Bonus ou avantages supplémentaires
899,35,Research & Development,Manufacturing Director,0,0.019532867950854727,Normal,3, Distance domicile-travail importante | → Télétravail partiel ou complet | → Aide au transport
900,37,Sales,Sales Representative,1,0.012964641157995335,Normal,3, Distance domicile-travail importante | → Télétravail partiel ou complet | → Aide au transport
901,53,Research & Development,Research Director,0,0.009935667155595239,Normal,6, Formation insuffisante | → Programme de formation continue | → Certifications professionnelles |  Distance domicile-travail importante | → Télétravail partiel ou complet | → Aide au transport
902,43,Research & Development,Healthcare Representative,1,0.007435087427845449,Normal,3, Profil stable | → Maintenir les conditions actuelles | → Suivi de routine
903,47,Sales,Sales Executive,0,0.021685614448797793,Normal,7, Stagnation de carrière | → Plan de développement de carrière | → Évaluation pour promotion | → Nouvelles responsabilités |  Salaire en dessous de la moyenne | → Révision salariale recommandée | → Bonus ou avantages supplémentaires
904,37,Sales,Sales Executive,1,0.10388002675967282,Normal,6, Insatisfaction environnement de travail | → Amélioration des conditions de travail | → Changement d'équipe ou de bureau |  Salaire en dessous de la moyenne | → Révision salariale recommandée | → Bonus ou avantages supplémentaires
905,50,Research & Development,Manager,0,0.02130365460461979,Normal,11, Satisfaction au travail faible | → Évaluation des tâches et responsabilités | → Possibilité de changement de rôle ou projet | → Formation pour développement de compétences |  Insatisfaction environnement de travail | → Amélioration des conditions de travail | → Changement d'équipe ou de bureau |  Stagnation de carrière | → Plan de développement de carrière | → Évaluation pour promotion | → Nouvelles responsabilités
909,39,Human Resources,Human Resources,1,0.007886742029061845,Normal,3, Profil stable | → Maintenir les conditions actuelles | → Suivi de routine
910,33,Human Resources,Human Resources,1,0.07218720720607671,Normal,3, Salaire en dessous de la moyenne | → Révision salariale recommandée | → Bonus ou avantages supplémentaires
911,32,Research & Development,Laboratory Technician,1,0.9607194769925362,URGENT,17, RISQUE ÉLEVÉ D'ATTRITION | → Entretien individuel immédiat avec le manager | → Révision salariale prioritaire | → Plan de rétention personnalisé |  Équilibre vie-travail insuffisant | → Réduction des heures supplémentaires | → Télétravail ou horaires flexibles | → Programme de bien-être |  Surcharge de travail détectée | → Redistribution de la charge de travail | → Embauche d'un support supplémentaire |  Insatisfaction environnement de travail | → Amélioration des conditions de travail | → Changement d'équipe ou de bureau |  Distance domicile-travail importante | → Télétravail partiel ou complet | → Aide au transport
912,29,Research & Development,Laboratory Technician,1,0.08844115554385099,Normal,3, Insatisfaction environnement de travail | → Amélioration des conditions de travail | → Changement d'équipe ou de bureau
913,44,Research & Development,Research Scientist,1,0.07057760561976031,Normal,11, Satisfaction au travail faible | → Évaluation des tâches et responsabilités | → Possibilité de changement de rôle ou projet | → Formation pour développement de compétences |  Stagnation de carrière | → Plan de développement de carrière | → Évaluation pour promotion | → Nouvelles responsabilités |  Formation insuffisante | → Programme de formation continue | → Certifications professionnelles
916,28,Sales,Sales Executive,1,0.029377672347451568,Normal,3, Insatisfaction environnement de travail | → Amélioration des conditions de travail | → Changement d'équipe ou de bureau
918,58,Research & Development,Laboratory Technician,1,0.8997201388539453,URGENT,10, RISQUE ÉLEVÉ D'ATTRITION | → Entretien individuel immédiat avec le manager | → Révision salariale prioritaire | → Plan de rétention personnalisé |  Surcharge de travail détectée | → Redistribution de la charge de travail | → Embauche d'un support supplémentaire |  Salaire en dessous de la moyenne | → Révision salariale recommandée | → Bonus ou avantages supplémentaires
920,43,Research & Development,Manufacturing Director,1,0.027949867777461064,Normal,3, Insatisfaction environnement de travail | → Amélioration des conditions de travail | → Changement d'équipe ou de bureau
922,20,Sales,Sales Representative,1,0.8228497345449272,URGENT,7, RISQUE ÉLEVÉ D'ATTRITION | → Entretien individuel immédiat avec le manager | → Révision salariale prioritaire | → Plan de rétention personnalisé |  Salaire en dessous de la moyenne | → Révision salariale recommandée | → Bonus ou avantages supplémentaires
923,21,Research & Development,Research Scientist,1,0.8310860705703506,URGENT,4, RISQUE ÉLEVÉ D'ATTRITION | → Entretien individuel immédiat avec le manager | → Révision salariale prioritaire | → Plan de rétention personnalisé
924,36,Research & Development,Healthcare Representative,0,0.029045353635593435,Normal,3, Surcharge de travail détectée | → Redistribution de la charge de travail | → Embauche d'un support supplémentaire
925,47,Sales,Sales Representative,1,0.10976397380682398,Normal,3, Surcharge de travail détectée | → Redistribution de la charge de travail | → Embauche d'un support supplémentaire
926,22,Research & Development,Manufacturing Director,1,0.8706999572046115,URGENT,7, RISQUE ÉLEVÉ D'ATTRITION | → Entretien individuel immédiat avec le manager | → Révision salariale prioritaire | → Plan de rétention personnalisé |  Salaire en dessous de la moyenne | → Révision salariale recommandée | → Bonus ou avantages supplémentaires
927,41,Research & Development,Laboratory Technician,1,0.8236482910009455,URGENT,13, RISQUE ÉLEVÉ D'ATTRITION | → Entretien individuel immédiat avec le manager | → Révision salariale prioritaire | → Plan de rétention personnalisé |  Surcharge de travail détectée | → Redistribution de la charge de travail | → Embauche d'un support supplémentaire |  Formation insuffisante | → Programme de formation continue | → Certifications professionnelles |  Faible implication au travail | → Projets stimulants et motivants | → Reconnaissance et valorisation
930,28,Research & Development,Research Scientist,1,0.026820206564558458,Normal,3, Salaire en dessous de la moyenne | → Révision salariale recommandée | → Bonus ou avantages supplémentaires
932,39,Research & Development,Laboratory Technician,1,0.9575172478653134,URGENT,18, RISQUE ÉLEVÉ D'ATTRITION | → Entretien individuel immédiat avec le manager | → Révision salariale prioritaire | → Plan de rétention personnalisé |  Satisfaction au travail faible | → Évaluation des tâches et responsabilités | → Possibilité de changement de rôle ou projet | → Formation pour développement de compétences |  Équilibre vie-travail insuffisant | → Réduction des heures supplémentaires | → Télétravail ou horaires flexibles | → Programme de bien-être |  Surcharge de travail détectée | → Redistribution de la charge de travail | → Embauche d'un support supplémentaire |  Salaire en dessous de la moyenne | → Révision salariale recommandée | → Bonus ou avantages supplémentaires
933,27,Research & Development,Research Scientist,1,0.08600497061752709,Normal,3, Salaire en dessous de la moyenne | → Révision salariale recommandée | → Bonus ou avantages supplémentaires
934,34,Research & Development,Laboratory Technician,1,0.04429264437704833,Normal,3, Salaire en dessous de la moyenne | → Révision salariale recommandée | → Bonus ou avantages supplémentaires
936,42,Sales,Sales Executive,1,0.020325458206106567,Normal,3, Profil stable | → Maintenir les conditions actuelles | → Suivi de routine
939,33,Research & Development,Research Scientist,1,0.258014750238003,Normal,7, Satisfaction au travail faible | → Évaluation des tâches et responsabilités | → Possibilité de changement de rôle ou projet | → Formation pour développement de compétences |  Formation insuffisante | → Programme de formation continue | → Certifications professionnelles
940,58,Research & Development,Healthcare Representative,0,0.012281373829351966,Normal,3, Profil stable | → Maintenir les conditions actuelles | → Suivi de routine
941,31,Sales,Sales Representative,1,0.037667341100079355,Normal,3, Profil stable | → Maintenir les conditions actuelles | → Suivi de routine
942,35,Research & Development,Healthcare Representative,1,0.02375965174794776,Normal,13, Équilibre vie-travail insuffisant | → Réduction des heures supplémentaires | → Télétravail ou horaires flexibles | → Programme de bien-être |  Surcharge de travail détectée | → Redistribution de la charge de travail | → Embauche d'un support supplémentaire |  Salaire en dessous de la moyenne | → Révision salariale recommandée | → Bonus ou avantages supplémentaires |  Distance domicile-travail importante | → Télétravail partiel ou complet | → Aide au transport
944,49,Research & Development,Laboratory Technician,0,0.052485946370176007,Normal,6, Insatisfaction environnement de travail | → Amélioration des conditions de travail | → Changement d'équipe ou de bureau |  Salaire en dessous de la moyenne | → Révision salariale recommandée | → Bonus ou avantages supplémentaires
945,48,Research & Development,Research Scientist,1,0.035133288505666986,Normal,3, Salaire en dessous de la moyenne | → Révision salariale recommandée | → Bonus ou avantages supplémentaires
947,31,Sales,Sales Executive,1,0.01115597404143161,Normal,3, Profil stable | → Maintenir les conditions actuelles | → Suivi de routine
949,36,Research & Development,Research Scientist,1,0.009444482254261673,Normal,3, Profil stable | → Maintenir les conditions actuelles | → Suivi de routine
950,38,Research & Development,Research Director,0,0.004098044988765297,Normal,4, Satisfaction au travail faible | → Évaluation des tâches et responsabilités | → Possibilité de changement de rôle ou projet | → Formation pour développement de compétences
951,32,Research & Development,Laboratory Technician,1,0.021001332344720028,Normal,3, Salaire en dessous de la moyenne | → Révision salariale recommandée | → Bonus ou avantages supplémentaires
952,25,Sales,Sales Representative,1,0.9779660365597562,URGENT,4, RISQUE ÉLEVÉ D'ATTRITION | → Entretien individuel immédiat avec le manager | → Révision salariale prioritaire | → Plan de rétention personnalisé
954,40,Sales,Sales Executive,1,0.09514849937537963,Normal,3, Insatisfaction environnement de travail | → Amélioration des conditions de travail | → Changement d'équipe ou de bureau
956,26,Sales,Sales Executive,1,0.05620839695919935,Normal,7, Satisfaction au travail faible | → Évaluation des tâches et responsabilités | → Possibilité de changement de rôle ou projet | → Formation pour développement de compétences |  Salaire en dessous de la moyenne | → Révision salariale recommandée | → Bonus ou avantages supplémentaires
957,41,Research & Development,Laboratory Technician,0,0.03488618083272042,Normal,4, Satisfaction au travail faible | → Évaluation des tâches et responsabilités | → Possibilité de changement de rôle ou projet | → Formation pour développement de compétences
958,36,Research & Development,Laboratory Technician,0,0.011471470249978926,Normal,3, Profil stable | → Maintenir les conditions actuelles | → Suivi de routine
959,19,Sales,Sales Representative,1,0.9778084154824531,URGENT,10, RISQUE ÉLEVÉ D'ATTRITION | → Entretien individuel immédiat avec le manager | → Révision salariale prioritaire | → Plan de rétention personnalisé |  Salaire en dessous de la moyenne | → Révision salariale recommandée | → Bonus ou avantages supplémentaires |  Distance domicile-travail importante | → Télétravail partiel ou complet | → Aide au transport
960,20,Research & Development,Laboratory Technician,1,0.9466367723311068,URGENT,11, RISQUE ÉLEVÉ D'ATTRITION | → Entretien individuel immédiat avec le manager | → Révision salariale prioritaire | → Plan de rétention personnalisé |  Satisfaction au travail faible | → Évaluation des tâches et responsabilités | → Possibilité de changement de rôle ou projet | → Formation pour développement de compétences |  Insatisfaction environnement de travail | → Amélioration des conditions de travail | → Changement d'équipe ou de bureau
961,31,Research & Development,Healthcare Representative,0,0.01669177346025792,Normal,11, Équilibre vie-travail insuffisant | → Réduction des heures supplémentaires | → Télétravail ou horaires flexibles | → Programme de bien-être |  Surcharge de travail détectée | → Redistribution de la charge de travail | → Embauche d'un support supplémentaire |  Stagnation de carrière | → Plan de développement de carrière | → Évaluation pour promotion | → Nouvelles responsabilités
964,40,Research & Development,Research Scientist,1,0.07810131303812921,Normal,3, Profil stable | → Maintenir les conditions actuelles | → Suivi de routine
966,32,Research & Development,Manufacturing Director,1,0.008375251240770485,Normal,8, Satisfaction au travail faible | → Évaluation des tâches et responsabilités | → Possibilité de changement de rôle ou projet | → Formation pour développement de compétences |  Stagnation de carrière | → Plan de développement de carrière | → Évaluation pour promotion | → Nouvelles responsabilités
967,36,Sales,Sales Executive,0,0.7560306351444412,URGENT,4, RISQUE ÉLEVÉ D'ATTRITION | → Entretien individuel immédiat avec le manager | → Révision salariale prioritaire | → Plan de rétention personnalisé
969,33,Research & Development,Healthcare Representative,1,0.018962876773639,Normal,3, Profil stable | → Maintenir les conditions actuelles | → Suivi de routine
970,37,Sales,Sales Executive,0,0.8961757872592025,URGENT,15, RISQUE ÉLEVÉ D'ATTRITION | → Entretien individuel immédiat avec le manager | → Révision salariale prioritaire | → Plan de rétention personnalisé |  Équilibre vie-travail insuffisant | → Réduction des heures supplémentaires | → Télétravail ou horaires flexibles | → Programme de bien-être |  Insatisfaction environnement de travail | → Amélioration des conditions de travail | → Changement d'équipe ou de bureau |  Stagnation de carrière | → Plan de développement de carrière | → Évaluation pour promotion | → Nouvelles responsabilités
972,45,Research & Development,Laboratory Technician,0,0.006403709951048541,Normal,3, Salaire en dessous de la moyenne | → Révision salariale recommandée | → Bonus ou avantages supplémentaires
974,29,Sales,Sales Representative,1,0.07706840379471525,Normal,3, Profil stable | → Maintenir les conditions actuelles | → Suivi de routine
975,35,Sales,Sales Executive,1,0.03215368633502455,Normal,3, Salaire en dessous de la moyenne | → Révision salariale recommandée | → Bonus ou avantages supplémentaires
976,52,Research & Development,Manager,0,0.004792320178958108,Normal,4, Stagnation de carrière | → Plan de développement de carrière | → Évaluation pour promotion | → Nouvelles responsabilités
977,58,Research & Development,Research Scientist,1,0.8310422424164806,URGENT,4, RISQUE ÉLEVÉ D'ATTRITION | → Entretien individuel immédiat avec le manager | → Révision salariale prioritaire | → Plan de rétention personnalisé
981,53,Sales,Manager,0,0.009055972619301097,Normal,4, Stagnation de carrière | → Plan de développement de carrière | → Évaluation pour promotion | → Nouvelles responsabilités
982,30,Sales,Sales Executive,0,0.06548009540459343,Normal,7, Stagnation de carrière | → Plan de développement de carrière | → Évaluation pour promotion | → Nouvelles responsabilités |  Salaire en dessous de la moyenne | → Révision salariale recommandée | → Bonus ou avantages supplémentaires
983,38,Sales,Sales Executive,1,0.030419791757957185,Normal,3, Formation insuffisante | → Programme de formation continue | → Certifications professionnelles
984,35,Sales,Sales Executive,0,0.007642904881564477,Normal,3, Salaire en dessous de la moyenne | → Révision salariale recommandée | → Bonus ou avantages supplémentaires
985,39,Sales,Sales Executive,1,0.01852176081108523,Normal,6, Insatisfaction environnement de travail | → Amélioration des conditions de travail | → Changement d'équipe ou de bureau |  Salaire en dessous de la moyenne | → Révision salariale recommandée | → Bonus ou avantages supplémentaires
986,40,Sales,Sales Executive,1,0.9371253084379031,URGENT,10, RISQUE ÉLEVÉ D'ATTRITION | → Entretien individuel immédiat avec le manager | → Révision salariale prioritaire | → Plan de rétention personnalisé |  Surcharge de travail détectée | → Redistribution de la charge de travail | → Embauche d'un support supplémentaire |  Distance domicile-travail importante | → Télétravail partiel ou complet | → Aide au transport
987,47,Research & Development,Manufacturing Director,0,0.01761052679861921,Normal,3, Profil stable | → Maintenir les conditions actuelles | → Suivi de routine
990,36,Sales,Sales Executive,1,0.005077420489033844,Normal,3, Insatisfaction environnement de travail | → Amélioration des conditions de travail | → Changement d'équipe ou de bureau
991,31,Research & Development,Research Scientist,1,0.9576775328838136,URGENT,14, RISQUE ÉLEVÉ D'ATTRITION | → Entretien individuel immédiat avec le manager | → Révision salariale prioritaire | → Plan de rétention personnalisé |  Satisfaction au travail faible | → Évaluation des tâches et responsabilités | → Possibilité de changement de rôle ou projet | → Formation pour développement de compétences |  Salaire en dessous de la moyenne | → Révision salariale recommandée | → Bonus ou avantages supplémentaires |  Formation insuffisante | → Programme de formation continue | → Certifications professionnelles
992,33,Sales,Manager,0,0.009774699271848127,Normal,4, Stagnation de carrière | → Plan de développement de carrière | → Évaluation pour promotion | → Nouvelles responsabilités
994,29,Research & Development,Research Scientist,1,0.9510110777728837,URGENT,11, RISQUE ÉLEVÉ D'ATTRITION | → Entretien individuel immédiat avec le manager | → Révision salariale prioritaire | → Plan de rétention personnalisé |  Satisfaction au travail faible | → Évaluation des tâches et responsabilités | → Possibilité de changement de rôle ou projet | → Formation pour développement de compétences |  Salaire en dessous de la moyenne | → Révision salariale recommandée | → Bonus ou avantages supplémentaires
995,33,Research & Development,Research Scientist,1,0.02708788977994732,Normal,3, Profil stable | → Maintenir les conditions actuelles | → Suivi de routine
996,45,Research & Development,Laboratory Technician,1,0.004610504105482902,Normal,3, Salaire en dessous de la moyenne | → Révision salariale recommandée | → Bonus ou avantages supplémentaires
997,50,Research & Development,Research Director,0,0.0046649657546272314,Normal,3, Formation insuffisante | → Programme de formation continue | → Certifications professionnelles
998,33,Research & Development,Healthcare Representative,1,0.018300464514624415,Normal,3, Profil stable | → Maintenir les conditions actuelles | → Suivi de routine
999,41,Research & Development,Research Director,0,0.008069219962940664,Normal,3, Insatisfaction environnement de travail | → Amélioration des conditions de travail | → Changement d'équipe ou de bureau
1001,27,Research & Development,Laboratory Technician,1,0.050920794859506596,Normal,3, Profil stable | → Maintenir les conditions actuelles | → Suivi de routine
1002,45,Research & Development,Laboratory Technician,0,0.03192784510926095,Normal,10, Satisfaction au travail faible | → Évaluation des tâches et responsabilités | → Possibilité de changement de rôle ou projet | → Formation pour développement de compétences |  Salaire en dessous de la moyenne | → Révision salariale recommandée | → Bonus ou avantages supplémentaires |  Distance domicile-travail importante | → Télétravail partiel ou complet | → Aide au transport
1003,47,Sales,Sales Executive,1,0.05504878807816735,Normal,6, Salaire en dessous de la moyenne | → Révision salariale recommandée | → Bonus ou avantages supplémentaires |  Formation insuffisante | → Programme de formation continue | → Certifications professionnelles
1004,30,Research & Development,Research Scientist,1,0.9635982946444439,URGENT,13, RISQUE ÉLEVÉ D'ATTRITION | → Entretien individuel immédiat avec le manager | → Révision salariale prioritaire | → Plan de rétention personnalisé |  Insatisfaction environnement de travail | → Amélioration des conditions de travail | → Changement d'équipe ou de bureau |  Salaire en dessous de la moyenne | → Révision salariale recommandée | → Bonus ou avantages supplémentaires |  Distance domicile-travail importante | → Télétravail partiel ou complet | → Aide au transport
1005,50,Research & Development,Manufacturing Director,0,0.007971196029239805,Normal,3, Distance domicile-travail importante | → Télétravail partiel ou complet | → Aide au transport
1006,38,Research & Development,Research Scientist,1,0.028128358915178158,Normal,3, Formation insuffisante | → Programme de formation continue | → Certifications professionnelles
1007,46,Research & Development,Manufacturing Director,0,0.015670076179965395,Normal,3, Profil stable | → Maintenir les conditions actuelles | → Suivi de routine
1009,24,Research & Development,Manufacturing Director,1,0.010870727145303976,Normal,3, Salaire en dessous de la moyenne | → Révision salariale recommandée | → Bonus ou avantages supplémentaires
1010,35,Research & Development,Laboratory Technician,1,0.8532862301113672,URGENT,11, RISQUE ÉLEVÉ D'ATTRITION | → Entretien individuel immédiat avec le manager | → Révision salariale prioritaire | → Plan de rétention personnalisé |  Équilibre vie-travail insuffisant | → Réduction des heures supplémentaires | → Télétravail ou horaires flexibles | → Programme de bien-être |  Surcharge de travail détectée | → Redistribution de la charge de travail | → Embauche d'un support supplémentaire
1011,31,Research & Development,Manufacturing Director,1,0.02217931984543791,Normal,10, Satisfaction au travail faible | → Évaluation des tâches et responsabilités | → Possibilité de changement de rôle ou projet | → Formation pour développement de compétences |  Salaire en dessous de la moyenne | → Révision salariale recommandée | → Bonus ou avantages supplémentaires |  Formation insuffisante | → Programme de formation continue | → Certifications professionnelles
1012,18,Research & Development,Research Scientist,1,0.03573192398463189,Normal,3, Salaire en dessous de la moyenne | → Révision salariale recommandée | → Bonus ou avantages supplémentaires
1013,54,Research & Development,Manufacturing Director,0,0.0112339187408416,Normal,3, Profil stable | → Maintenir les conditions actuelles | → Suivi de routine
1014,35,Research & Development,Healthcare Representative,0,0.01287957225773462,Normal,10, Surcharge de travail détectée | → Redistribution de la charge de travail | → Embauche d'un support supplémentaire |  Stagnation de carrière | → Plan de développement de carrière | → Évaluation pour promotion | → Nouvelles responsabilités |  Distance domicile-travail importante | → Télétravail partiel ou complet | → Aide au transport
1015,30,Research & Development,Research Director,0,0.0094723062183339,Normal,7, Satisfaction au travail faible | → Évaluation des tâches et responsabilités | → Possibilité de changement de rôle ou projet | → Formation pour développement de compétences |  Surcharge de travail détectée | → Redistribution de la charge de travail | → Embauche d'un support supplémentaire
1016,20,Research & Development,Research Scientist,1,0.968975081025307,URGENT,8, RISQUE ÉLEVÉ D'ATTRITION | → Entretien individuel immédiat avec le manager | → Révision salariale prioritaire | → Plan de rétention personnalisé |  Satisfaction au travail faible | → Évaluation des tâches et responsabilités | → Possibilité de changement de rôle ou projet | → Formation pour développement de compétences
1017,30,Research & Development,Laboratory Technician,1,0.5498476435143781,Moyen,2, RISQUE MOYEN D'ATTRITION | → Suivi régulier avec le manager
1018,26,Research & Development,Manufacturing Director,1,0.0035341277426822726,Normal,3, Profil stable | → Maintenir les conditions actuelles | → Suivi de routine
1019,22,Research & Development,Laboratory Technician,1,0.05787677857583269,Normal,7, Satisfaction au travail faible | → Évaluation des tâches et responsabilités | → Possibilité de changement de rôle ou projet | → Formation pour développement de compétences |  Faible implication au travail | → Projets stimulants et motivants | → Reconnaissance et valorisation
1022,48,Research & Development,Healthcare Representative,1,0.035854847700097024,Normal,9, Insatisfaction environnement de travail | → Amélioration des conditions de travail | → Changement d'équipe ou de bureau |  Salaire en dessous de la moyenne | → Révision salariale recommandée | → Bonus ou avantages supplémentaires |  Formation insuffisante | → Programme de formation continue | → Certifications professionnelles
1024,48,Research & Development,Healthcare Representative,0,0.00560598744251507,Normal,3, Profil stable | → Maintenir les conditions actuelles | → Suivi de routine
1025,41,Research & Development,Manufacturing Director,1,0.008585970188033958,Normal,3, Profil stable | → Maintenir les conditions actuelles | → Suivi de routine
1026,39,Research & Development,Manufacturing Director,0,0.0039013712177210706,Normal,7, Stagnation de carrière | → Plan de développement de carrière | → Évaluation pour promotion | → Nouvelles responsabilités |  Salaire en dessous de la moyenne | → Révision salariale recommandée | → Bonus ou avantages supplémentaires
1027,27,Research & Development,Manufacturing Director,1,0.008514761079878688,Normal,6, Insatisfaction environnement de travail | → Amélioration des conditions de travail | → Changement d'équipe ou de bureau |  Salaire en dessous de la moyenne | → Révision salariale recommandée | → Bonus ou avantages supplémentaires
1028,35,Research & Development,Laboratory Technician,1,0.02104024578308289,Normal,3, Profil stable | → Maintenir les conditions actuelles | → Suivi de routine
1029,42,Sales,Manager,1,0.008152816657778807,Normal,3, Profil stable | → Maintenir les conditions actuelles | → Suivi de routine
1030,50,Research & Development,Laboratory Technician,1,0.0362335310794928,Normal,6, Insatisfaction environnement de travail | → Amélioration des conditions de travail | → Changement d'équipe ou de bureau |  Salaire en dessous de la moyenne | → Révision salariale recommandée | → Bonus ou avantages supplémentaires
1032,59,Research & Development,Manufacturing Director,0,0.010389816240439049,Normal,3, Profil stable | → Maintenir les conditions actuelles | → Suivi de routine
1033,37,Research & Development,Healthcare Representative,1,0.9504897155431623,URGENT,14, RISQUE ÉLEVÉ D'ATTRITION | → Entretien individuel immédiat avec le manager | → Révision salariale prioritaire | → Plan de rétention personnalisé |  Équilibre vie-travail insuffisant | → Réduction des heures supplémentaires | → Télétravail ou horaires flexibles | → Programme de bien-être |  Insatisfaction environnement de travail | → Amélioration des conditions de travail | → Changement d'équipe ou de bureau |  Faible implication au travail | → Projets stimulants et motivants | → Reconnaissance et valorisation
1034,55,Research & Development,Healthcare Representative,0,0.02354960584505409,Normal,4, Stagnation de carrière | → Plan de développement de carrière | → Évaluation pour promotion | → Nouvelles responsabilités
1035,41,Research & Development,Research Director,0,0.0035121852670996086,Normal,3, Faible implication au travail | → Projets stimulants et motivants | → Reconnaissance et valorisation
1036,38,Sales,Sales Executive,1,0.08252129947150544,Normal,3, Formation insuffisante | → Programme de formation continue | → Certifications professionnelles
1037,26,Sales,Sales Executive,1,0.9355502969017602,URGENT,14, RISQUE ÉLEVÉ D'ATTRITION | → Entretien individuel immédiat avec le manager | → Révision salariale prioritaire | → Plan de rétention personnalisé |  Satisfaction au travail faible | → Évaluation des tâches et responsabilités | → Possibilité de changement de rôle ou projet | → Formation pour développement de compétences |  Distance domicile-travail importante | → Télétravail partiel ou complet | → Aide au transport |  Faible implication au travail | → Projets stimulants et motivants | → Reconnaissance et valorisation
1038,52,Sales,Manager,0,0.9459359799302647,URGENT,14, RISQUE ÉLEVÉ D'ATTRITION | → Entretien individuel immédiat avec le manager | → Révision salariale prioritaire | → Plan de rétention personnalisé |  Insatisfaction environnement de travail | → Amélioration des conditions de travail | → Changement d'équipe ou de bureau |  Stagnation de carrière | → Plan de développement de carrière | → Évaluation pour promotion | → Nouvelles responsabilités |  Faible implication au travail | → Projets stimulants et motivants | → Reconnaissance et valorisation
1039,44,Sales,Sales Executive,0,0.011549983674737084,Normal,7, Stagnation de carrière | → Plan de développement de carrière | → Évaluation pour promotion | → Nouvelles responsabilités |  Distance domicile-travail importante | → Télétravail partiel ou complet | → Aide au transport
1040,50,Sales,Sales Executive,0,0.006054795810513824,Normal,3, Profil stable | → Maintenir les conditions actuelles | → Suivi de routine
1042,36,Research & Development,Laboratory Technician,0,0.8655525413319887,URGENT,15, RISQUE ÉLEVÉ D'ATTRITION | → Entretien individuel immédiat avec le manager | → Révision salariale prioritaire | → Plan de rétention personnalisé |  Satisfaction au travail faible | → Évaluation des tâches et responsabilités | → Possibilité de changement de rôle ou projet | → Formation pour développement de compétences |  Stagnation de carrière | → Plan de développement de carrière | → Évaluation pour promotion | → Nouvelles responsabilités |  Formation insuffisante | → Programme de formation continue | → Certifications professionnelles
1043,39,Research & Development,Manufacturing Director,0,0.026801678550493833,Normal,7, Satisfaction au travail faible | → Évaluation des tâches et responsabilités | → Possibilité de changement de rôle ou projet | → Formation pour développement de compétences |  Distance domicile-travail importante | → Télétravail partiel ou complet | → Aide au transport
1044,33,Sales,Sales Representative,1,0.010944278451723384,Normal,3, Profil stable | → Maintenir les conditions actuelles | → Suivi de routine
1045,45,Sales,Manager,0,0.004139237505688019,Normal,3, Profil stable | → Maintenir les conditions actuelles | → Suivi de routine
1046,32,Research & Development,Laboratory Technician,0,0.02509211300046453,Normal,7, Stagnation de carrière | → Plan de développement de carrière | → Évaluation pour promotion | → Nouvelles responsabilités |  Distance domicile-travail importante | → Télétravail partiel ou complet | → Aide au transport
1047,34,Sales,Sales Executive,0,0.019060437756922573,Normal,3, Profil stable | → Maintenir les conditions actuelles | → Suivi de routine
1048,59,Sales,Manager,0,0.01226812338467085,Normal,10, Équilibre vie-travail insuffisant | → Réduction des heures supplémentaires | → Télétravail ou horaires flexibles | → Programme de bien-être |  Surcharge de travail détectée | → Redistribution de la charge de travail | → Embauche d'un support supplémentaire |  Formation insuffisante | → Programme de formation continue | → Certifications professionnelles
1049,45,Human Resources,Human Resources,1,0.06037760068384833,Normal,6, Salaire en dessous de la moyenne | → Révision salariale recommandée | → Bonus ou avantages supplémentaires |  Distance domicile-travail importante | → Télétravail partiel ou complet | → Aide au transport
1050,53,Sales,Sales Executive,0,0.062467965712734094,Normal,7, Stagnation de carrière | → Plan de développement de carrière | → Évaluation pour promotion | → Nouvelles responsabilités |  Salaire en dessous de la moyenne | → Révision salariale recommandée | → Bonus ou avantages supplémentaires
1052,36,Research & Development,Laboratory Technician,1,0.7632081495918248,URGENT,7, RISQUE ÉLEVÉ D'ATTRITION | → Entretien individuel immédiat avec le manager | → Révision salariale prioritaire | → Plan de rétention personnalisé |  Insatisfaction environnement de travail | → Amélioration des conditions de travail | → Changement d'équipe ou de bureau
1053,26,Research & Development,Research Scientist,1,0.9700495172026525,URGENT,14, RISQUE ÉLEVÉ D'ATTRITION | → Entretien individuel immédiat avec le manager | → Révision salariale prioritaire | → Plan de rétention personnalisé |  Satisfaction au travail faible | → Évaluation des tâches et responsabilités | → Possibilité de changement de rôle ou projet | → Formation pour développement de compétences |  Insatisfaction environnement de travail | → Amélioration des conditions de travail | → Changement d'équipe ou de bureau |  Salaire en dessous de la moyenne | → Révision salariale recommandée | → Bonus ou avantages supplémentaires
1055,34,Sales,Sales Representative,1,0.16298822889824538,Normal,3, Profil stable | → Maintenir les conditions actuelles | → Suivi de routine
1056,28,Sales,Sales Representative,1,0.06720027214091209,Normal,3, Salaire en dessous de la moyenne | → Révision salariale recommandée | → Bonus ou avantages supplémentaires
1060,38,Research & Development,Research Scientist,1,0.029671987357252058,Normal,3, Profil stable | → Maintenir les conditions actuelles | → Suivi de routine
1061,50,Research & Development,Research Director,0,0.07445329641989928,Normal,7, Surcharge de travail détectée | → Redistribution de la charge de travail | → Embauche d'un support supplémentaire |  Stagnation de carrière | → Plan de développement de carrière | → Évaluation pour promotion | → Nouvelles responsabilités
1062,37,Research & Development,Healthcare Representative,1,0.03468093959627308,Normal,3, Salaire en dessous de la moyenne | → Révision salariale recommandée | → Bonus ou avantages supplémentaires
1066,40,Sales,Sales Executive,0,0.05574517307181484,Normal,11, Satisfaction au travail faible | → Évaluation des tâches et responsabilités | → Possibilité de changement de rôle ou projet | → Formation pour développement de compétences |  Stagnation de carrière | → Plan de développement de carrière | → Évaluation pour promotion | → Nouvelles responsabilités |  Distance domicile-travail importante | → Télétravail partiel ou complet | → Aide au transport
1068,26,Research & Development,Research Scientist,1,0.01898161879438683,Normal,6, Insatisfaction environnement de travail | → Amélioration des conditions de travail | → Changement d'équipe ou de bureau |  Salaire en dessous de la moyenne | → Révision salariale recommandée | → Bonus ou avantages supplémentaires
1069,46,Research & Development,Research Director,0,0.010461237467632258,Normal,3, Formation insuffisante | → Programme de formation continue | → Certifications professionnelles
1070,54,Sales,Sales Executive,0,0.039230005546452194,Normal,4, Stagnation de carrière | → Plan de développement de carrière | → Évaluation pour promotion | → Nouvelles responsabilités
1071,56,Research & Development,Research Scientist,1,0.02413648407506389,Normal,3, Insatisfaction environnement de travail | → Amélioration des conditions de travail | → Changement d'équipe ou de bureau
1073,36,Research & Development,Manufacturing Director,0,0.041679227096848286,Normal,4, Stagnation de carrière | → Plan de développement de carrière | → Évaluation pour promotion | → Nouvelles responsabilités
1074,55,Research & Development,Manager,0,0.02924182419315037,Normal,8, Satisfaction au travail faible | → Évaluation des tâches et responsabilités | → Possibilité de changement de rôle ou projet | → Formation pour développement de compétences |  Stagnation de carrière | → Plan de développement de carrière | → Évaluation pour promotion | → Nouvelles responsabilités
1076,43,Sales,Sales Executive,1,0.014900667525400643,Normal,3, Distance domicile-travail importante | → Télétravail partiel ou complet | → Aide au transport
1077,20,Sales,Sales Representative,1,0.9256957609721602,URGENT,4, RISQUE ÉLEVÉ D'ATTRITION | → Entretien individuel immédiat avec le manager | → Révision salariale prioritaire | → Plan de rétention personnalisé
1079,21,Research & Development,Laboratory Technician,1,0.965642824973947,URGENT,11, RISQUE ÉLEVÉ D'ATTRITION | → Entretien individuel immédiat avec le manager | → Révision salariale prioritaire | → Plan de rétention personnalisé |  Satisfaction au travail faible | → Évaluation des tâches et responsabilités | → Possibilité de changement de rôle ou projet | → Formation pour développement de compétences |  Salaire en dessous de la moyenne | → Révision salariale recommandée | → Bonus ou avantages supplémentaires
1080,46,Research & Development,Research Scientist,0,0.03243649785125599,Normal,4, Satisfaction au travail faible | → Évaluation des tâches et responsabilités | → Possibilité de changement de rôle ou projet | → Formation pour développement de compétences
1081,51,Research & Development,Research Scientist,1,0.9528086261466769,URGENT,7, RISQUE ÉLEVÉ D'ATTRITION | → Entretien individuel immédiat avec le manager | → Révision salariale prioritaire | → Plan de rétention personnalisé |  Insatisfaction environnement de travail | → Amélioration des conditions de travail | → Changement d'équipe ou de bureau
1082,28,Research & Development,Healthcare Representative,0,0.8485222363456502,URGENT,11, RISQUE ÉLEVÉ D'ATTRITION | → Entretien individuel immédiat avec le manager | → Révision salariale prioritaire | → Plan de rétention personnalisé |  Satisfaction au travail faible | → Évaluation des tâches et responsabilités | → Possibilité de changement de rôle ou projet | → Formation pour développement de compétences |  Distance domicile-travail importante | → Télétravail partiel ou complet | → Aide au transport
1083,26,Research & Development,Laboratory Technician,1,0.04946392319225297,Normal,7, Satisfaction au travail faible | → Évaluation des tâches et responsabilités | → Possibilité de changement de rôle ou projet | → Formation pour développement de compétences |  Insatisfaction environnement de travail | → Amélioration des conditions de travail | → Changement d'équipe ou de bureau
1084,30,Research & Development,Manufacturing Director,1,0.058434748658835675,Normal,7, Satisfaction au travail faible | → Évaluation des tâches et responsabilités | → Possibilité de changement de rôle ou projet | → Formation pour développement de compétences |  Formation insuffisante | → Programme de formation continue | → Certifications professionnelles
1085,41,Research & Development,Research Scientist,1,0.007224972269472026,Normal,3, Profil stable | → Maintenir les conditions actuelles | → Suivi de routine
1088,38,Research & Development,Healthcare Representative,0,0.019391229944113807,Normal,3, Profil stable | → Maintenir les conditions actuelles | → Suivi de routine
1092,40,Research & Development,Healthcare Representative,0,0.03963415723016604,Normal,7, Insatisfaction environnement de travail | → Amélioration des conditions de travail | → Changement d'équipe ou de bureau |  Stagnation de carrière | → Plan de développement de carrière | → Évaluation pour promotion | → Nouvelles responsabilités
1094,27,Research & Development,Laboratory Technician,1,0.020424792151671128,Normal,6, Insatisfaction environnement de travail | → Amélioration des conditions de travail | → Changement d'équipe ou de bureau |  Faible implication au travail | → Projets stimulants et motivants | → Reconnaissance et valorisation
1096,55,Research & Development,Manufacturing Director,1,0.006144703429893757,Normal,3, Profil stable | → Maintenir les conditions actuelles | → Suivi de routine
1097,28,Research & Development,Research Scientist,1,0.013576801465914919,Normal,3, Salaire en dessous de la moyenne | → Révision salariale recommandée | → Bonus ou avantages supplémentaires
1098,44,Human Resources,Human Resources,0,0.7264898606023595,URGENT,11, RISQUE ÉLEVÉ D'ATTRITION | → Entretien individuel immédiat avec le manager | → Révision salariale prioritaire | → Plan de rétention personnalisé |  Satisfaction au travail faible | → Évaluation des tâches et responsabilités | → Possibilité de changement de rôle ou projet | → Formation pour développement de compétences |  Formation insuffisante | → Programme de formation continue | → Certifications professionnelles
1099,33,Research & Development,Healthcare Representative,1,0.009803676272633071,Normal,3, Salaire en dessous de la moyenne | → Révision salariale recommandée | → Bonus ou avantages supplémentaires
1100,35,Sales,Sales Executive,0,0.9342475310019869,URGENT,8, RISQUE ÉLEVÉ D'ATTRITION | → Entretien individuel immédiat avec le manager | → Révision salariale prioritaire | → Plan de rétention personnalisé |  Satisfaction au travail faible | → Évaluation des tâches et responsabilités | → Possibilité de changement de rôle ou projet | → Formation pour développement de compétences
1101,33,Research & Development,Research Scientist,0,0.6715136493242005,URGENT,10, RISQUE ÉLEVÉ D'ATTRITION | → Entretien individuel immédiat avec le manager | → Révision salariale prioritaire | → Plan de rétention personnalisé |  Insatisfaction environnement de travail | → Amélioration des conditions de travail | → Changement d'équipe ou de bureau |  Distance domicile-travail importante | → Télétravail partiel ou complet | → Aide au transport
1102,28,Research & Development,Laboratory Technician,1,0.020523542266502295,Normal,6, Insatisfaction environnement de travail | → Amélioration des conditions de travail | → Changement d'équipe ou de bureau |  Salaire en dessous de la moyenne | → Révision salariale recommandée | → Bonus ou avantages supplémentaires
1103,34,Research & Development,Healthcare Representative,1,0.015812488933050723,Normal,6, Insatisfaction environnement de travail | → Amélioration des conditions de travail | → Changement d'équipe ou de bureau |  Formation insuffisante | → Programme de formation continue | → Certifications professionnelles
1105,37,Sales,Sales Executive,1,0.009868492853496938,Normal,3, Profil stable | → Maintenir les conditions actuelles | → Suivi de routine
1106,25,Research & Development,Laboratory Technician,1,0.8725908915711363,URGENT,4, RISQUE ÉLEVÉ D'ATTRITION | → Entretien individuel immédiat avec le manager | → Révision salariale prioritaire | → Plan de rétention personnalisé
1107,26,Research & Development,Laboratory Technician,1,0.9120187041881447,URGENT,16, RISQUE ÉLEVÉ D'ATTRITION | → Entretien individuel immédiat avec le manager | → Révision salariale prioritaire | → Plan de rétention personnalisé |  Insatisfaction environnement de travail | → Amélioration des conditions de travail | → Changement d'équipe ou de bureau |  Salaire en dessous de la moyenne | → Révision salariale recommandée | → Bonus ou avantages supplémentaires |  Formation insuffisante | → Programme de formation continue | → Certifications professionnelles |  Distance domicile-travail importante | → Télétravail partiel ou complet | → Aide au transport
1108,33,Research & Development,Research Scientist,1,0.9786719210339951,URGENT,16, RISQUE ÉLEVÉ D'ATTRITION | → Entretien individuel immédiat avec le manager | → Révision salariale prioritaire | → Plan de rétention personnalisé |  Insatisfaction environnement de travail | → Amélioration des conditions de travail | → Changement d'équipe ou de bureau |  Salaire en dessous de la moyenne | → Révision salariale recommandée | → Bonus ou avantages supplémentaires |  Formation insuffisante | → Programme de formation continue | → Certifications professionnelles |  Distance domicile-travail importante | → Télétravail partiel ou complet | → Aide au transport
1109,42,Research & Development,Manager,0,0.008990611609596265,Normal,8, Satisfaction au travail faible | → Évaluation des tâches et responsabilités | → Possibilité de changement de rôle ou projet | → Formation pour développement de compétences |  Stagnation de carrière | → Plan de développement de carrière | → Évaluation pour promotion | → Nouvelles responsabilités
1111,28,Research & Development,Laboratory Technician,1,0.8511101213794292,URGENT,7, RISQUE ÉLEVÉ D'ATTRITION | → Entretien individuel immédiat avec le manager | → Révision salariale prioritaire | → Plan de rétention personnalisé |  Insatisfaction environnement de travail | → Amélioration des conditions de travail | → Changement d'équipe ou de bureau
1113,50,Sales,Sales Executive,1,0.8280377988948011,URGENT,7, RISQUE ÉLEVÉ D'ATTRITION | → Entretien individuel immédiat avec le manager | → Révision salariale prioritaire | → Plan de rétention personnalisé |  Salaire en dessous de la moyenne | → Révision salariale recommandée | → Bonus ou avantages supplémentaires
1114,33,Sales,Sales Executive,1,0.01585644033436953,Normal,3, Salaire en dessous de la moyenne | → Révision salariale recommandée | → Bonus ou avantages supplémentaires
1115,34,Research & Development,Research Scientist,1,0.0029753173616448173,Normal,3, Profil stable | → Maintenir les conditions actuelles | → Suivi de routine
1116,48,Research & Development,Manager,0,0.0020462934373100213,Normal,3, Insatisfaction environnement de travail | → Amélioration des conditions de travail | → Changement d'équipe ou de bureau
1117,45,Sales,Sales Executive,0,0.002687227908747185,Normal,3, Profil stable | → Maintenir les conditions actuelles | → Suivi de routine
1118,52,Research & Development,Healthcare Representative,0,0.027883286463044873,Normal,3, Profil stable | → Maintenir les conditions actuelles | → Suivi de routine
1119,38,Sales,Sales Executive,0,0.023632297771133626,Normal,3, Profil stable | → Maintenir les conditions actuelles | → Suivi de routine
1120,29,Research & Development,Research Scientist,1,0.014993349169270599,Normal,6, Formation insuffisante | → Programme de formation continue | → Certifications professionnelles |  Distance domicile-travail importante | → Télétravail partiel ou complet | → Aide au transport
1121,28,Research & Development,Manufacturing Director,1,0.019839970250535344,Normal,3, Salaire en dessous de la moyenne | → Révision salariale recommandée | → Bonus ou avantages supplémentaires
1124,46,Sales,Manager,0,0.007474844503246266,Normal,3, Insatisfaction environnement de travail | → Amélioration des conditions de travail | → Changement d'équipe ou de bureau
1125,38,Sales,Sales Executive,1,0.028153975730851346,Normal,3, Salaire en dessous de la moyenne | → Révision salariale recommandée | → Bonus ou avantages supplémentaires
1126,43,Research & Development,Manufacturing Director,0,0.026095009193323433,Normal,10, Satisfaction au travail faible | → Évaluation des tâches et responsabilités | → Possibilité de changement de rôle ou projet | → Formation pour développement de compétences |  Formation insuffisante | → Programme de formation continue | → Certifications professionnelles |  Distance domicile-travail importante | → Télétravail partiel ou complet | → Aide au transport
1127,39,Research & Development,Healthcare Representative,0,0.842742252290407,URGENT,14, RISQUE ÉLEVÉ D'ATTRITION | → Entretien individuel immédiat avec le manager | → Révision salariale prioritaire | → Plan de rétention personnalisé |  Insatisfaction environnement de travail | → Amélioration des conditions de travail | → Changement d'équipe ou de bureau |  Stagnation de carrière | → Plan de développement de carrière | → Évaluation pour promotion | → Nouvelles responsabilités |  Salaire en dessous de la moyenne | → Révision salariale recommandée | → Bonus ou avantages supplémentaires
1128,40,Research & Development,Research Director,0,0.011578895035194135,Normal,3, Profil stable | → Maintenir les conditions actuelles | → Suivi de routine
1131,21,Research & Development,Research Scientist,1,0.12332983722126446,Normal,3, Salaire en dessous de la moyenne | → Révision salariale recommandée | → Bonus ou avantages supplémentaires
1132,39,Research & Development,Laboratory Technician,1,0.016223076477872477,Normal,3, Profil stable | → Maintenir les conditions actuelles | → Suivi de routine
1133,36,Research & Development,Manufacturing Director,0,0.012694478627220845,Normal,6, Insatisfaction environnement de travail | → Amélioration des conditions de travail | → Changement d'équipe ou de bureau |  Formation insuffisante | → Programme de formation continue | → Certifications professionnelles
1135,31,Sales,Sales Representative,1,0.0338536671939498,Normal,3, Profil stable | → Maintenir les conditions actuelles | → Suivi de routine
1136,28,Research & Development,Research Scientist,1,0.02177543533343543,Normal,7, Équilibre vie-travail insuffisant | → Réduction des heures supplémentaires | → Télétravail ou horaires flexibles | → Programme de bien-être |  Insatisfaction environnement de travail | → Amélioration des conditions de travail | → Changement d'équipe ou de bureau
1137,35,Sales,Sales Executive,1,0.010514426684824196,Normal,3, Profil stable | → Maintenir les conditions actuelles | → Suivi de routine
1138,49,Sales,Sales Executive,0,0.02461505262594679,Normal,3, Profil stable | → Maintenir les conditions actuelles | → Suivi de routine
1140,34,Research & Development,Manufacturing Director,1,0.03346645771041112,Normal,3, Salaire en dessous de la moyenne | → Révision salariale recommandée | → Bonus ou avantages supplémentaires
1143,29,Research & Development,Research Scientist,1,0.008320773852653042,Normal,3, Profil stable | → Maintenir les conditions actuelles | → Suivi de routine
1148,42,Research & Development,Laboratory Technician,1,0.030414396110838945,Normal,9, Salaire en dessous de la moyenne | → Révision salariale recommandée | → Bonus ou avantages supplémentaires |  Distance domicile-travail importante | → Télétravail partiel ou complet | → Aide au transport |  Faible implication au travail | → Projets stimulants et motivants | → Reconnaissance et valorisation
1150,29,Research & Development,Manufacturing Director,1,0.020954035338395127,Normal,3, Surcharge de travail détectée | → Redistribution de la charge de travail | → Embauche d'un support supplémentaire
1152,38,Human Resources,Human Resources,1,0.004969988096905205,Normal,3, Profil stable | → Maintenir les conditions actuelles | → Suivi de routine
1154,28,Research & Development,Research Scientist,1,0.07616899343229017,Normal,3, Profil stable | → Maintenir les conditions actuelles | → Suivi de routine
1156,18,Research & Development,Laboratory Technician,1,0.8856041264821941,URGENT,10, RISQUE ÉLEVÉ D'ATTRITION | → Entretien individuel immédiat avec le manager | → Révision salariale prioritaire | → Plan de rétention personnalisé |  Salaire en dessous de la moyenne | → Révision salariale recommandée | → Bonus ou avantages supplémentaires |  Formation insuffisante | → Programme de formation continue | → Certifications professionnelles
1157,33,Sales,Sales Executive,1,0.8319811232234089,URGENT,11, RISQUE ÉLEVÉ D'ATTRITION | → Entretien individuel immédiat avec le manager | → Révision salariale prioritaire | → Plan de rétention personnalisé |  Satisfaction au travail faible | → Évaluation des tâches et responsabilités | → Possibilité de changement de rôle ou projet | → Formation pour développement de compétences |  Insatisfaction environnement de travail | → Amélioration des conditions de travail | → Changement d'équipe ou de bureau
1158,41,Research & Development,Laboratory Technician,1,0.06312348059495097,Normal,3, Profil stable | → Maintenir les conditions actuelles | → Suivi de routine
1160,31,Research & Development,Laboratory Technician,1,0.5877273390177458,Moyen,2, RISQUE MOYEN D'ATTRITION | → Suivi régulier avec le manager
1161,37,Research & Development,Healthcare Representative,1,0.012267609633383657,Normal,3, Distance domicile-travail importante | → Télétravail partiel ou complet | → Aide au transport
1162,27,Research & Development,Research Scientist,1,0.009889335886751628,Normal,3, Formation insuffisante | → Programme de formation continue | → Certifications professionnelles
1163,34,Sales,Sales Executive,1,0.021394381924281208,Normal,3, Profil stable | → Maintenir les conditions actuelles | → Suivi de routine
1164,35,Human Resources,Human Resources,1,0.030994355746879598,Normal,4, Équilibre vie-travail insuffisant | → Réduction des heures supplémentaires | → Télétravail ou horaires flexibles | → Programme de bien-être
1165,29,Sales,Sales Executive,0,0.8227557195711909,URGENT,18, RISQUE ÉLEVÉ D'ATTRITION | → Entretien individuel immédiat avec le manager | → Révision salariale prioritaire | → Plan de rétention personnalisé |  Satisfaction au travail faible | → Évaluation des tâches et responsabilités | → Possibilité de changement de rôle ou projet | → Formation pour développement de compétences |  Équilibre vie-travail insuffisant | → Réduction des heures supplémentaires | → Télétravail ou horaires flexibles | → Programme de bien-être |  Salaire en dessous de la moyenne | → Révision salariale recommandée | → Bonus ou avantages supplémentaires |  Distance domicile-travail importante | → Télétravail partiel ou complet | → Aide au transport
1166,40,Research & Development,Research Director,0,0.009765860848951738,Normal,3, Profil stable | → Maintenir les conditions actuelles | → Suivi de routine
1167,42,Sales,Sales Executive,0,0.8568363011176685,URGENT,15, RISQUE ÉLEVÉ D'ATTRITION | → Entretien individuel immédiat avec le manager | → Révision salariale prioritaire | → Plan de rétention personnalisé |  Satisfaction au travail faible | → Évaluation des tâches et responsabilités | → Possibilité de changement de rôle ou projet | → Formation pour développement de compétences |  Surcharge de travail détectée | → Redistribution de la charge de travail | → Embauche d'un support supplémentaire |  Stagnation de carrière | → Plan de développement de carrière | → Évaluation pour promotion | → Nouvelles responsabilités
1171,42,Sales,Sales Executive,1,0.07034846338391713,Normal,4, Satisfaction au travail faible | → Évaluation des tâches et responsabilités | → Possibilité de changement de rôle ou projet | → Formation pour développement de compétences
1172,35,Research & Development,Laboratory Technician,1,0.017727051084018758,Normal,3, Salaire en dessous de la moyenne | → Révision salariale recommandée | → Bonus ou avantages supplémentaires
1173,24,Research & Development,Laboratory Technician,1,0.043277526010580526,Normal,3, Distance domicile-travail importante | → Télétravail partiel ou complet | → Aide au transport
1175,28,Research & Development,Laboratory Technician,1,0.8986585068226096,URGENT,7, RISQUE ÉLEVÉ D'ATTRITION | → Entretien individuel immédiat avec le manager | → Révision salariale prioritaire | → Plan de rétention personnalisé |  Surcharge de travail détectée | → Redistribution de la charge de travail | → Embauche d'un support supplémentaire
1177,26,Research & Development,Laboratory Technician,1,0.006466884796013728,Normal,3, Insatisfaction environnement de travail | → Amélioration des conditions de travail | → Changement d'équipe ou de bureau
1179,30,Sales,Sales Executive,1,0.03794336178739189,Normal,3, Profil stable | → Maintenir les conditions actuelles | → Suivi de routine
1180,40,Research & Development,Research Scientist,1,0.016144912995975508,Normal,13, Équilibre vie-travail insuffisant | → Réduction des heures supplémentaires | → Télétravail ou horaires flexibles | → Programme de bien-être |  Surcharge de travail détectée | → Redistribution de la charge de travail | → Embauche d'un support supplémentaire |  Salaire en dessous de la moyenne | → Révision salariale recommandée | → Bonus ou avantages supplémentaires |  Distance domicile-travail importante | → Télétravail partiel ou complet | → Aide au transport
1182,35,Research & Development,Manufacturing Director,0,0.01475486399774187,Normal,4, Stagnation de carrière | → Plan de développement de carrière | → Évaluation pour promotion | → Nouvelles responsabilités
1184,34,Research & Development,Healthcare Representative,0,0.025154099510171626,Normal,4, Satisfaction au travail faible | → Évaluation des tâches et responsabilités | → Possibilité de changement de rôle ou projet | → Formation pour développement de compétences
1185,35,Research & Development,Laboratory Technician,1,0.019626611122618518,Normal,3, Salaire en dessous de la moyenne | → Révision salariale recommandée | → Bonus ou avantages supplémentaires
1188,43,Sales,Sales Executive,1,0.9298613791888988,URGENT,10, RISQUE ÉLEVÉ D'ATTRITION | → Entretien individuel immédiat avec le manager | → Révision salariale prioritaire | → Plan de rétention personnalisé |  Insatisfaction environnement de travail | → Amélioration des conditions de travail | → Changement d'équipe ou de bureau |  Faible implication au travail | → Projets stimulants et motivants | → Reconnaissance et valorisation
1190,32,Sales,Sales Representative,1,0.03983859953785158,Normal,4, Satisfaction au travail faible | → Évaluation des tâches et responsabilités | → Possibilité de changement de rôle ou projet | → Formation pour développement de compétences
1191,56,Research & Development,Manager,0,0.009615579258311196,Normal,4, Satisfaction au travail faible | → Évaluation des tâches et responsabilités | → Possibilité de changement de rôle ou projet | → Formation pour développement de compétences
1192,29,Research & Development,Laboratory Technician,1,0.013247179317872783,Normal,3, Profil stable | → Maintenir les conditions actuelles | → Suivi de routine
1193,19,Research & Development,Research Scientist,1,0.13880687454202525,Normal,4, Satisfaction au travail faible | → Évaluation des tâches et responsabilités | → Possibilité de changement de rôle ou projet | → Formation pour développement de compétences
1195,45,Research & Development,Research Scientist,1,0.018674779529648126,Normal,6, Surcharge de travail détectée | → Redistribution de la charge de travail | → Embauche d'un support supplémentaire |  Insatisfaction environnement de travail | → Amélioration des conditions de travail | → Changement d'équipe ou de bureau
1196,37,Research & Development,Manufacturing Director,0,0.006519486118092319,Normal,3, Profil stable | → Maintenir les conditions actuelles | → Suivi de routine
1198,20,Research & Development,Laboratory Technician,1,0.13950885893217346,Normal,3, Insatisfaction environnement de travail | → Amélioration des conditions de travail | → Changement d'équipe ou de bureau
1200,44,Research & Development,Research Scientist,1,0.4861777685344239,Moyen,2, RISQUE MOYEN D'ATTRITION | → Suivi régulier avec le manager
1201,53,Research & Development,Manager,0,0.003954372288333387,Normal,3, Profil stable | → Maintenir les conditions actuelles | → Suivi de routine
1202,29,Research & Development,Research Scientist,1,0.07139728509104928,Normal,9, Surcharge de travail détectée | → Redistribution de la charge de travail | → Embauche d'un support supplémentaire |  Salaire en dessous de la moyenne | → Révision salariale recommandée | → Bonus ou avantages supplémentaires |  Faible implication au travail | → Projets stimulants et motivants | → Reconnaissance et valorisation
1203,22,Research & Development,Research Scientist,1,0.9344446932466769,URGENT,4, RISQUE ÉLEVÉ D'ATTRITION | → Entretien individuel immédiat avec le manager | → Révision salariale prioritaire | → Plan de rétention personnalisé
1204,46,Sales,Manager,0,0.022225116776129386,Normal,8, Satisfaction au travail faible | → Évaluation des tâches et responsabilités | → Possibilité de changement de rôle ou projet | → Formation pour développement de compétences |  Stagnation de carrière | → Plan de développement de carrière | → Évaluation pour promotion | → Nouvelles responsabilités
1206,44,Research & Development,Research Scientist,1,0.01877962186339401,Normal,6, Salaire en dessous de la moyenne | → Révision salariale recommandée | → Bonus ou avantages supplémentaires |  Faible implication au travail | → Projets stimulants et motivants | → Reconnaissance et valorisation
1207,33,Human Resources,Human Resources,1,0.012861515751952227,Normal,3, Profil stable | → Maintenir les conditions actuelles | → Suivi de routine
1210,41,Research & Development,Research Scientist,1,0.8740057660225373,URGENT,18, RISQUE ÉLEVÉ D'ATTRITION | → Entretien individuel immédiat avec le manager | → Révision salariale prioritaire | → Plan de rétention personnalisé |  Satisfaction au travail faible | → Évaluation des tâches et responsabilités | → Possibilité de changement de rôle ou projet | → Formation pour développement de compétences |  Équilibre vie-travail insuffisant | → Réduction des heures supplémentaires | → Télétravail ou horaires flexibles | → Programme de bien-être |  Insatisfaction environnement de travail | → Amélioration des conditions de travail | → Changement d'équipe ou de bureau |  Salaire en dessous de la moyenne | → Révision salariale recommandée | → Bonus ou avantages supplémentaires
1211,30,Sales,Sales Executive,1,0.08595693923125738,Normal,10, Satisfaction au travail faible | → Évaluation des tâches et responsabilités | → Possibilité de changement de rôle ou projet | → Formation pour développement de compétences |  Salaire en dessous de la moyenne | → Révision salariale recommandée | → Bonus ou avantages supplémentaires |  Distance domicile-travail importante | → Télétravail partiel ou complet | → Aide au transport
1212,40,Sales,Sales Executive,1,0.05256086957222367,Normal,3, Salaire en dessous de la moyenne | → Révision salariale recommandée | → Bonus ou avantages supplémentaires
1215,50,Research & Development,Manager,0,0.004135092649395084,Normal,4, Satisfaction au travail faible | → Évaluation des tâches et responsabilités | → Possibilité de changement de rôle ou projet | → Formation pour développement de compétences
1216,28,Research & Development,Laboratory Technician,1,0.021098238965523937,Normal,4, Satisfaction au travail faible | → Évaluation des tâches et responsabilités | → Possibilité de changement de rôle ou projet | → Formation pour développement de compétences
1217,46,Research & Development,Research Director,0,0.015845919601115848,Normal,3, Profil stable | → Maintenir les conditions actuelles | → Suivi de routine
1218,35,Sales,Sales Executive,0,0.0643467894262014,Normal,4, Satisfaction au travail faible | → Évaluation des tâches et responsabilités | → Possibilité de changement de rôle ou projet | → Formation pour développement de compétences
1219,24,Research & Development,Laboratory Technician,1,0.8436321121877097,URGENT,11, RISQUE ÉLEVÉ D'ATTRITION | → Entretien individuel immédiat avec le manager | → Révision salariale prioritaire | → Plan de rétention personnalisé |  Équilibre vie-travail insuffisant | → Réduction des heures supplémentaires | → Télétravail ou horaires flexibles | → Programme de bien-être |  Salaire en dessous de la moyenne | → Révision salariale recommandée | → Bonus ou avantages supplémentaires
1220,33,Sales,Sales Executive,1,0.034626839717196455,Normal,6, Salaire en dessous de la moyenne | → Révision salariale recommandée | → Bonus ou avantages supplémentaires |  Distance domicile-travail importante | → Télétravail partiel ou complet | → Aide au transport
1221,36,Research & Development,Laboratory Technician,1,0.007931849324084462,Normal,3, Faible implication au travail | → Projets stimulants et motivants | → Reconnaissance et valorisation
1224,30,Research & Development,Laboratory Technician,0,0.03265977833948945,Normal,7, Stagnation de carrière | → Plan de développement de carrière | → Évaluation pour promotion | → Nouvelles responsabilités |  Salaire en dessous de la moyenne | → Révision salariale recommandée | → Bonus ou avantages supplémentaires
1225,44,Research & Development,Research Scientist,0,0.018921973794699315,Normal,7, Stagnation de carrière | → Plan de développement de carrière | → Évaluation pour promotion | → Nouvelles responsabilités |  Distance domicile-travail importante | → Télétravail partiel ou complet | → Aide au transport
1226,20,Sales,Sales Representative,1,0.03311251253858818,Normal,3, Distance domicile-travail importante | → Télétravail partiel ou complet | → Aide au transport
1228,46,Research & Development,Manufacturing Director,1,0.024508800065456755,Normal,3, Profil stable | → Maintenir les conditions actuelles | → Suivi de routine
1231,42,Human Resources,Human Resources,1,0.009660894288244301,Normal,4, Satisfaction au travail faible | → Évaluation des tâches et responsabilités | → Possibilité de changement de rôle ou projet | → Formation pour développement de compétences
1233,60,Sales,Sales Executive,0,0.008391778370933934,Normal,3, Profil stable | → Maintenir les conditions actuelles | → Suivi de routine
1234,32,Research & Development,Laboratory Technician,1,0.049299608944553916,Normal,3, Profil stable | → Maintenir les conditions actuelles | → Suivi de routine
1235,32,Research & Development,Research Scientist,1,0.016134226148815423,Normal,3, Profil stable | → Maintenir les conditions actuelles | → Suivi de routine
1237,36,Research & Development,Manufacturing Director,0,0.017212275947572582,Normal,11, Satisfaction au travail faible | → Évaluation des tâches et responsabilités | → Possibilité de changement de rôle ou projet | → Formation pour développement de compétences |  Stagnation de carrière | → Plan de développement de carrière | → Évaluation pour promotion | → Nouvelles responsabilités |  Faible implication au travail | → Projets stimulants et motivants | → Reconnaissance et valorisation
1238,33,Research & Development,Research Scientist,0,0.008344828447168592,Normal,3, Insatisfaction environnement de travail | → Amélioration des conditions de travail | → Changement d'équipe ou de bureau
1239,40,Sales,Sales Executive,1,0.027585607205752014,Normal,3, Profil stable | → Maintenir les conditions actuelles | → Suivi de routine
1240,25,Sales,Sales Executive,1,0.015791937165189392,Normal,3, Profil stable | → Maintenir les conditions actuelles | → Suivi de routine
1241,30,Research & Development,Research Scientist,0,0.04700994053177891,Normal,3, Profil stable | → Maintenir les conditions actuelles | → Suivi de routine
1242,42,Research & Development,Research Director,1,0.05637056231170467,Normal,10, Satisfaction au travail faible | → Évaluation des tâches et responsabilités | → Possibilité de changement de rôle ou projet | → Formation pour développement de compétences |  Insatisfaction environnement de travail | → Amélioration des conditions de travail | → Changement d'équipe ou de bureau |  Distance domicile-travail importante | → Télétravail partiel ou complet | → Aide au transport
1243,35,Sales,Sales Executive,0,0.019525464033904604,Normal,3, Surcharge de travail détectée | → Redistribution de la charge de travail | → Embauche d'un support supplémentaire
1244,27,Research & Development,Research Scientist,0,0.09288425416699218,Normal,17, Satisfaction au travail faible | → Évaluation des tâches et responsabilités | → Possibilité de changement de rôle ou projet | → Formation pour développement de compétences |  Surcharge de travail détectée | → Redistribution de la charge de travail | → Embauche d'un support supplémentaire |  Insatisfaction environnement de travail | → Amélioration des conditions de travail | → Changement d'équipe ou de bureau |  Stagnation de carrière | → Plan de développement de carrière | → Évaluation pour promotion | → Nouvelles responsabilités |  Salaire en dessous de la moyenne | → Révision salariale recommandée | → Bonus ou avantages supplémentaires
1245,54,Research & Development,Manufacturing Director,0,0.01977362484560497,Normal,4, Équilibre vie-travail insuffisant | → Réduction des heures supplémentaires | → Télétravail ou horaires flexibles | → Programme de bien-être
1246,44,Research & Development,Research Scientist,0,0.0029514327793113354,Normal,10, Insatisfaction environnement de travail | → Amélioration des conditions de travail | → Changement d'équipe ou de bureau |  Stagnation de carrière | → Plan de développement de carrière | → Évaluation pour promotion | → Nouvelles responsabilités |  Salaire en dessous de la moyenne | → Révision salariale recommandée | → Bonus ou avantages supplémentaires
1248,19,Research & Development,Research Scientist,1,0.9729175745360167,URGENT,10, RISQUE ÉLEVÉ D'ATTRITION | → Entretien individuel immédiat avec le manager | → Révision salariale prioritaire | → Plan de rétention personnalisé |  Insatisfaction environnement de travail | → Amélioration des conditions de travail | → Changement d'équipe ou de bureau |  Salaire en dessous de la moyenne | → Révision salariale recommandée | → Bonus ou avantages supplémentaires
1249,29,Research & Development,Research Scientist,1,0.016482364214710037,Normal,3, Insatisfaction environnement de travail | → Amélioration des conditions de travail | → Changement d'équipe ou de bureau
1250,54,Research & Development,Research Director,0,0.004028175336107642,Normal,3, Profil stable | → Maintenir les conditions actuelles | → Suivi de routine
1251,31,Research & Development,Healthcare Representative,1,0.03486196844137005,Normal,7, Satisfaction au travail faible | → Évaluation des tâches et responsabilités | → Possibilité de changement de rôle ou projet | → Formation pour développement de compétences |  Surcharge de travail détectée | → Redistribution de la charge de travail | → Embauche d'un support supplémentaire
1252,31,Research & Development,Healthcare Representative,0,0.06028000286996913,Normal,7, Satisfaction au travail faible | → Évaluation des tâches et responsabilités | → Possibilité de changement de rôle ou projet | → Formation pour développement de compétences |  Distance domicile-travail importante | → Télétravail partiel ou complet | → Aide au transport
1254,59,Sales,Sales Executive,1,0.02390207777912465,Normal,3, Profil stable | → Maintenir les conditions actuelles | → Suivi de routine
1255,43,Research & Development,Research Director,0,0.007518249386104761,Normal,3, Faible implication au travail | → Projets stimulants et motivants | → Reconnaissance et valorisation
1256,49,Research & Development,Manager,1,0.01313421682698286,Normal,3, Insatisfaction environnement de travail | → Amélioration des conditions de travail | → Changement d'équipe ou de bureau
1257,36,Research & Development,Research Scientist,0,0.017482156380089934,Normal,3, Profil stable | → Maintenir les conditions actuelles | → Suivi de routine
1258,48,Research & Development,Laboratory Technician,1,0.08110898503439937,Normal,3, Profil stable | → Maintenir les conditions actuelles | → Suivi de routine
1259,27,Research & Development,Research Scientist,1,0.026236656209043883,Normal,3, Insatisfaction environnement de travail | → Amélioration des conditions de travail | → Changement d'équipe ou de bureau
1260,29,Research & Development,Healthcare Representative,1,0.016405758992415472,Normal,3, Profil stable | → Maintenir les conditions actuelles | → Suivi de routine
1263,48,Research & Development,Research Director,1,0.004411656569035975,Normal,3, Profil stable | → Maintenir les conditions actuelles | → Suivi de routine
1264,29,Research & Development,Research Director,0,0.003090118125435137,Normal,3, Profil stable | → Maintenir les conditions actuelles | → Suivi de routine
1265,34,Research & Development,Research Scientist,1,0.07282882350237,Normal,3, Profil stable | → Maintenir les conditions actuelles | → Suivi de routine
1267,44,Sales,Manager,0,0.016332680072138187,Normal,3, Profil stable | → Maintenir les conditions actuelles | → Suivi de routine
1268,33,Sales,Sales Executive,0,0.006911799784290471,Normal,3, Profil stable | → Maintenir les conditions actuelles | → Suivi de routine
1269,19,Research & Development,Research Scientist,1,0.1224318458315541,Normal,3, Distance domicile-travail importante | → Télétravail partiel ou complet | → Aide au transport
1270,23,Research & Development,Research Scientist,1,0.009926520835004183,Normal,3, Salaire en dessous de la moyenne | → Révision salariale recommandée | → Bonus ou avantages supplémentaires
1273,25,Sales,Sales Representative,1,0.9841166103690613,URGENT,13, RISQUE ÉLEVÉ D'ATTRITION | → Entretien individuel immédiat avec le manager | → Révision salariale prioritaire | → Plan de rétention personnalisé |  Salaire en dessous de la moyenne | → Révision salariale recommandée | → Bonus ou avantages supplémentaires |  Distance domicile-travail importante | → Télétravail partiel ou complet | → Aide au transport |  Faible implication au travail | → Projets stimulants et motivants | → Reconnaissance et valorisation
1275,26,Research & Development,Research Scientist,1,0.10600388616476322,Normal,3, Surcharge de travail détectée | → Redistribution de la charge de travail | → Embauche d'un support supplémentaire
1277,45,Sales,Manager,0,0.8494977349527172,URGENT,10, RISQUE ÉLEVÉ D'ATTRITION | → Entretien individuel immédiat avec le manager | → Révision salariale prioritaire | → Plan de rétention personnalisé |  Insatisfaction environnement de travail | → Amélioration des conditions de travail | → Changement d'équipe ou de bureau |  Faible implication au travail | → Projets stimulants et motivants | → Reconnaissance et valorisation
1278,55,Research & Development,Healthcare Representative,0,0.004248484186449748,Normal,4, Stagnation de carrière | → Plan de développement de carrière | → Évaluation pour promotion | → Nouvelles responsabilités
1279,21,Research & Development,Laboratory Technician,1,0.8916727692146146,URGENT,11, RISQUE ÉLEVÉ D'ATTRITION | → Entretien individuel immédiat avec le manager | → Révision salariale prioritaire | → Plan de rétention personnalisé |  Équilibre vie-travail insuffisant | → Réduction des heures supplémentaires | → Télétravail ou horaires flexibles | → Programme de bien-être |  Insatisfaction environnement de travail | → Amélioration des conditions de travail | → Changement d'équipe ou de bureau
1280,46,Sales,Manager,0,0.005208011727936748,Normal,3, Profil stable | → Maintenir les conditions actuelles | → Suivi de routine
1281,34,Sales,Sales Executive,1,0.04357115898462606,Normal,7, Satisfaction au travail faible | → Évaluation des tâches et responsabilités | → Possibilité de changement de rôle ou projet | → Formation pour développement de compétences |  Salaire en dessous de la moyenne | → Révision salariale recommandée | → Bonus ou avantages supplémentaires
1282,51,Sales,Manager,0,0.028032861561112916,Normal,7, Surcharge de travail détectée | → Redistribution de la charge de travail | → Embauche d'un support supplémentaire |  Stagnation de carrière | → Plan de développement de carrière | → Évaluation pour promotion | → Nouvelles responsabilités
1283,59,Research & Development,Manufacturing Director,0,0.026720902693560998,Normal,3, Profil stable | → Maintenir les conditions actuelles | → Suivi de routine
1285,34,Research & Development,Laboratory Technician,0,0.015811070496716536,Normal,3, Salaire en dessous de la moyenne | → Révision salariale recommandée | → Bonus ou avantages supplémentaires
1286,28,Research & Development,Laboratory Technician,1,0.15518675926209832,Normal,6, Surcharge de travail détectée | → Redistribution de la charge de travail | → Embauche d'un support supplémentaire |  Salaire en dessous de la moyenne | → Révision salariale recommandée | → Bonus ou avantages supplémentaires
1288,44,Research & Development,Manager,0,0.0034468442971951,Normal,8, Satisfaction au travail faible | → Évaluation des tâches et responsabilités | → Possibilité de changement de rôle ou projet | → Formation pour développement de compétences |  Stagnation de carrière | → Plan de développement de carrière | → Évaluation pour promotion | → Nouvelles responsabilités
1289,34,Human Resources,Human Resources,0,0.023477056119584942,Normal,3, Salaire en dessous de la moyenne | → Révision salariale recommandée | → Bonus ou avantages supplémentaires
1291,35,Research & Development,Research Scientist,1,0.04705984230126834,Normal,3, Profil stable | → Maintenir les conditions actuelles | → Suivi de routine
1292,42,Research & Development,Research Scientist,1,0.060563913978503164,Normal,3, Salaire en dessous de la moyenne | → Révision salariale recommandée | → Bonus ou avantages supplémentaires
1293,43,Sales,Sales Executive,0,0.024403739716611136,Normal,4, Stagnation de carrière | → Plan de développement de carrière | → Évaluation pour promotion | → Nouvelles responsabilités
1294,36,Research & Development,Manufacturing Director,0,0.036761253324761975,Normal,3, Profil stable | → Maintenir les conditions actuelles | → Suivi de routine
1295,44,Research & Development,Healthcare Representative,0,0.5698445733428481,Moyen,8, RISQUE MOYEN D'ATTRITION | → Suivi régulier avec le manager |  Insatisfaction environnement de travail | → Amélioration des conditions de travail | → Changement d'équipe ou de bureau |  Salaire en dessous de la moyenne | → Révision salariale recommandée | → Bonus ou avantages supplémentaires
1296,28,Research & Development,Laboratory Technician,1,0.03199605269721803,Normal,3, Profil stable | → Maintenir les conditions actuelles | → Suivi de routine
1297,51,Research & Development,Laboratory Technician,1,0.04679919853000652,Normal,4, Stagnation de carrière | → Plan de développement de carrière | → Évaluation pour promotion | → Nouvelles responsabilités
1298,30,Research & Development,Manufacturing Director,1,0.028082967190636562,Normal,3, Profil stable | → Maintenir les conditions actuelles | → Suivi de routine
1299,29,Research & Development,Laboratory Technician,0,0.8023811956814745,URGENT,8, RISQUE ÉLEVÉ D'ATTRITION | → Entretien individuel immédiat avec le manager | → Révision salariale prioritaire | → Plan de rétention personnalisé |  Stagnation de carrière | → Plan de développement de carrière | → Évaluation pour promotion | → Nouvelles responsabilités
1301,28,Research & Development,Research Scientist,1,0.1268893367142967,Normal,7, Satisfaction au travail faible | → Évaluation des tâches et responsabilités | → Possibilité de changement de rôle ou projet | → Formation pour développement de compétences |  Salaire en dessous de la moyenne | → Révision salariale recommandée | → Bonus ou avantages supplémentaires
1303,25,Research & Development,Research Scientist,1,0.05115693014776605,Normal,3, Salaire en dessous de la moyenne | → Révision salariale recommandée | → Bonus ou avantages supplémentaires
1304,32,Sales,Sales Executive,0,0.0036152882868091406,Normal,3, Profil stable | → Maintenir les conditions actuelles | → Suivi de routine
1306,45,Research & Development,Manager,1,0.007370397546022657,Normal,3, Distance domicile-travail importante | → Télétravail partiel ou complet | → Aide au transport
1307,39,Research & Development,Manager,0,0.013388610928448168,Normal,4, Stagnation de carrière | → Plan de développement de carrière | → Évaluation pour promotion | → Nouvelles responsabilités
1308,58,Research & Development,Research Scientist,1,0.022319014887054518,Normal,9, Insatisfaction environnement de travail | → Amélioration des conditions de travail | → Changement d'équipe ou de bureau |  Salaire en dessous de la moyenne | → Révision salariale recommandée | → Bonus ou avantages supplémentaires |  Distance domicile-travail importante | → Télétravail partiel ou complet | → Aide au transport
1309,32,Research & Development,Laboratory Technician,1,0.5225262284840974,Moyen,2, RISQUE MOYEN D'ATTRITION | → Suivi régulier avec le manager
1310,39,Research & Development,Research Scientist,1,0.5602594057929977,Moyen,9, RISQUE MOYEN D'ATTRITION | → Suivi régulier avec le manager |  Satisfaction au travail faible | → Évaluation des tâches et responsabilités | → Possibilité de changement de rôle ou projet | → Formation pour développement de compétences |  Distance domicile-travail importante | → Télétravail partiel ou complet | → Aide au transport
1311,30,Research & Development,Laboratory Technician,1,0.02651531778331769,Normal,7, Insatisfaction environnement de travail | → Amélioration des conditions de travail | → Changement d'équipe ou de bureau |  Stagnation de carrière | → Plan de développement de carrière | → Évaluation pour promotion | → Nouvelles responsabilités
1312,36,Research & Development,Healthcare Representative,1,0.026794566931315086,Normal,6, Salaire en dessous de la moyenne | → Révision salariale recommandée | → Bonus ou avantages supplémentaires |  Formation insuffisante | → Programme de formation continue | → Certifications professionnelles
1314,46,Human Resources,Human Resources,0,0.03746871233730417,Normal,4, Satisfaction au travail faible | → Évaluation des tâches et responsabilités | → Possibilité de changement de rôle ou projet | → Formation pour développement de compétences
1315,28,Research & Development,Laboratory Technician,0,0.017809327126366632,Normal,7, Stagnation de carrière | → Plan de développement de carrière | → Évaluation pour promotion | → Nouvelles responsabilités |  Faible implication au travail | → Projets stimulants et motivants | → Reconnaissance et valorisation
1317,50,Research & Development,Research Director,0,0.0409108015689845,Normal,7, Satisfaction au travail faible | → Évaluation des tâches et responsabilités | → Possibilité de changement de rôle ou projet | → Formation pour développement de compétences |  Distance domicile-travail importante | → Télétravail partiel ou complet | → Aide au transport
1318,40,Sales,Sales Executive,1,0.8865774318694213,URGENT,7, RISQUE ÉLEVÉ D'ATTRITION | → Entretien individuel immédiat avec le manager | → Révision salariale prioritaire | → Plan de rétention personnalisé |  Distance domicile-travail importante | → Télétravail partiel ou complet | → Aide au transport
1319,52,Sales,Sales Executive,0,0.8976472502022896,URGENT,11, RISQUE ÉLEVÉ D'ATTRITION | → Entretien individuel immédiat avec le manager | → Révision salariale prioritaire | → Plan de rétention personnalisé |  Surcharge de travail détectée | → Redistribution de la charge de travail | → Embauche d'un support supplémentaire |  Stagnation de carrière | → Plan de développement de carrière | → Évaluation pour promotion | → Nouvelles responsabilités
1321,30,Research & Development,Manager,1,0.038666096993194614,Normal,4, Satisfaction au travail faible | → Évaluation des tâches et responsabilités | → Possibilité de changement de rôle ou projet | → Formation pour développement de compétences
1322,39,Research & Development,Manufacturing Director,1,0.030957500329339343,Normal,3, Insatisfaction environnement de travail | → Amélioration des conditions de travail | → Changement d'équipe ou de bureau
1324,31,Sales,Sales Executive,0,0.01818640896095999,Normal,7, Surcharge de travail détectée | → Redistribution de la charge de travail | → Embauche d'un support supplémentaire |  Stagnation de carrière | → Plan de développement de carrière | → Évaluation pour promotion | → Nouvelles responsabilités
1329,41,Sales,Sales Executive,0,0.017526199528612108,Normal,7, Stagnation de carrière | → Plan de développement de carrière | → Évaluation pour promotion | → Nouvelles responsabilités |  Faible implication au travail | → Projets stimulants et motivants | → Reconnaissance et valorisation
1331,31,Sales,Sales Representative,1,0.9179196761905785,URGENT,4, RISQUE ÉLEVÉ D'ATTRITION | → Entretien individuel immédiat avec le manager | → Révision salariale prioritaire | → Plan de rétention personnalisé
1333,44,Research & Development,Laboratory Technician,1,0.7102829644982313,URGENT,14, RISQUE ÉLEVÉ D'ATTRITION | → Entretien individuel immédiat avec le manager | → Révision salariale prioritaire | → Plan de rétention personnalisé |  Satisfaction au travail faible | → Évaluation des tâches et responsabilités | → Possibilité de changement de rôle ou projet | → Formation pour développement de compétences |  Insatisfaction environnement de travail | → Amélioration des conditions de travail | → Changement d'équipe ou de bureau |  Salaire en dessous de la moyenne | → Révision salariale recommandée | → Bonus ou avantages supplémentaires
1334,42,Research & Development,Manager,0,0.008564008672784094,Normal,3, Surcharge de travail détectée | → Redistribution de la charge de travail | → Embauche d'un support supplémentaire
1336,55,Research & Development,Manager,0,0.009577647064759068,Normal,7, Stagnation de carrière | → Plan de développement de carrière | → Évaluation pour promotion | → Nouvelles responsabilités |  Faible implication au travail | → Projets stimulants et motivants | → Reconnaissance et valorisation
1338,56,Human Resources,Manager,0,0.026398887961158884,Normal,4, Stagnation de carrière | → Plan de développement de carrière | → Évaluation pour promotion | → Nouvelles responsabilités
1340,40,Research & Development,Research Scientist,1,0.010444723834027576,Normal,3, Formation insuffisante | → Programme de formation continue | → Certifications professionnelles
1344,34,Research & Development,Healthcare Representative,0,0.020445307859837246,Normal,6, Salaire en dessous de la moyenne | → Révision salariale recommandée | → Bonus ou avantages supplémentaires |  Formation insuffisante | → Programme de formation continue | → Certifications professionnelles
1346,40,Research & Development,Research Scientist,0,0.016557625086068263,Normal,4, Stagnation de carrière | → Plan de développement de carrière | → Évaluation pour promotion | → Nouvelles responsabilités
1349,41,Sales,Sales Executive,1,0.02271477664097904,Normal,7, Satisfaction au travail faible | → Évaluation des tâches et responsabilités | → Possibilité de changement de rôle ou projet | → Formation pour développement de compétences |  Salaire en dessous de la moyenne | → Révision salariale recommandée | → Bonus ou avantages supplémentaires
1350,35,Research & Development,Research Scientist,1,0.018230788339602726,Normal,3, Salaire en dessous de la moyenne | → Révision salariale recommandée | → Bonus ou avantages supplémentaires
1352,51,Human Resources,Manager,0,0.008160616907207699,Normal,3, Profil stable | → Maintenir les conditions actuelles | → Suivi de routine
1355,38,Sales,Sales Executive,1,0.007065259532903226,Normal,4, Satisfaction au travail faible | → Évaluation des tâches et responsabilités | → Possibilité de changement de rôle ou projet | → Formation pour développement de compétences
1356,34,Sales,Sales Executive,0,0.025525974207535548,Normal,8, Satisfaction au travail faible | → Évaluation des tâches et responsabilités | → Possibilité de changement de rôle ou projet | → Formation pour développement de compétences |  Stagnation de carrière | → Plan de développement de carrière | → Évaluation pour promotion | → Nouvelles responsabilités
1358,25,Research & Development,Laboratory Technician,1,0.014738224205089873,Normal,3, Profil stable | → Maintenir les conditions actuelles | → Suivi de routine
1360,58,Research & Development,Manufacturing Director,0,0.8671316578731995,URGENT,14, RISQUE ÉLEVÉ D'ATTRITION | → Entretien individuel immédiat avec le manager | → Révision salariale prioritaire | → Plan de rétention personnalisé |  Satisfaction au travail faible | → Évaluation des tâches et responsabilités | → Possibilité de changement de rôle ou projet | → Formation pour développement de compétences |  Surcharge de travail détectée | → Redistribution de la charge de travail | → Embauche d'un support supplémentaire |  Formation insuffisante | → Programme de formation continue | → Certifications professionnelles
1361,40,Research & Development,Laboratory Technician,1,0.006483684251434406,Normal,3, Salaire en dessous de la moyenne | → Révision salariale recommandée | → Bonus ou avantages supplémentaires
1362,36,Sales,Sales Executive,0,0.0112534314485492,Normal,14, Satisfaction au travail faible | → Évaluation des tâches et responsabilités | → Possibilité de changement de rôle ou projet | → Formation pour développement de compétences |  Insatisfaction environnement de travail | → Amélioration des conditions de travail | → Changement d'équipe ou de bureau |  Stagnation de carrière | → Plan de développement de carrière | → Évaluation pour promotion | → Nouvelles responsabilités |  Salaire en dessous de la moyenne | → Révision salariale recommandée | → Bonus ou avantages supplémentaires
1363,48,Research & Development,Manufacturing Director,0,0.023627730978697768,Normal,3, Salaire en dessous de la moyenne | → Révision salariale recommandée | → Bonus ou avantages supplémentaires
1364,27,Sales,Sales Representative,1,0.02583005082977986,Normal,3, Profil stable | → Maintenir les conditions actuelles | → Suivi de routine
1367,51,Research & Development,Manufacturing Director,0,0.012952231264248448,Normal,6, Salaire en dessous de la moyenne | → Révision salariale recommandée | → Bonus ou avantages supplémentaires |  Formation insuffisante | → Programme de formation continue | → Certifications professionnelles
1368,18,Research & Development,Laboratory Technician,1,0.029045309474353208,Normal,3, Salaire en dessous de la moyenne | → Révision salariale recommandée | → Bonus ou avantages supplémentaires
1369,35,Research & Development,Laboratory Technician,1,0.01162153479921197,Normal,3, Formation insuffisante | → Programme de formation continue | → Certifications professionnelles
1371,27,Sales,Sales Executive,1,0.010063840718971354,Normal,3, Faible implication au travail | → Projets stimulants et motivants | → Reconnaissance et valorisation
1372,55,Sales,Sales Executive,0,0.8706164172863643,URGENT,10, RISQUE ÉLEVÉ D'ATTRITION | → Entretien individuel immédiat avec le manager | → Révision salariale prioritaire | → Plan de rétention personnalisé |  Surcharge de travail détectée | → Redistribution de la charge de travail | → Embauche d'un support supplémentaire |  Insatisfaction environnement de travail | → Amélioration des conditions de travail | → Changement d'équipe ou de bureau
1373,56,Research & Development,Manufacturing Director,0,0.026351722584848098,Normal,10, Stagnation de carrière | → Plan de développement de carrière | → Évaluation pour promotion | → Nouvelles responsabilités |  Formation insuffisante | → Programme de formation continue | → Certifications professionnelles |  Distance domicile-travail importante | → Télétravail partiel ou complet | → Aide au transport
1374,34,Research & Development,Research Scientist,1,0.030993176003227325,Normal,9, Insatisfaction environnement de travail | → Amélioration des conditions de travail | → Changement d'équipe ou de bureau |  Salaire en dessous de la moyenne | → Révision salariale recommandée | → Bonus ou avantages supplémentaires |  Distance domicile-travail importante | → Télétravail partiel ou complet | → Aide au transport
1375,40,Research & Development,Healthcare Representative,0,0.004378068564841387,Normal,7, Stagnation de carrière | → Plan de développement de carrière | → Évaluation pour promotion | → Nouvelles responsabilités |  Formation insuffisante | → Programme de formation continue | → Certifications professionnelles
1377,34,Research & Development,Laboratory Technician,0,0.03747799338773532,Normal,10, Stagnation de carrière | → Plan de développement de carrière | → Évaluation pour promotion | → Nouvelles responsabilités |  Formation insuffisante | → Programme de formation continue | → Certifications professionnelles |  Distance domicile-travail importante | → Télétravail partiel ou complet | → Aide au transport
1379,31,Sales,Sales Representative,1,0.8578859671071523,URGENT,4, RISQUE ÉLEVÉ D'ATTRITION | → Entretien individuel immédiat avec le manager | → Révision salariale prioritaire | → Plan de rétention personnalisé
1380,35,Sales,Sales Executive,1,0.8187968524262753,URGENT,13, RISQUE ÉLEVÉ D'ATTRITION | → Entretien individuel immédiat avec le manager | → Révision salariale prioritaire | → Plan de rétention personnalisé |  Surcharge de travail détectée | → Redistribution de la charge de travail | → Embauche d'un support supplémentaire |  Salaire en dessous de la moyenne | → Révision salariale recommandée | → Bonus ou avantages supplémentaires |  Formation insuffisante | → Programme de formation continue | → Certifications professionnelles
1382,38,Research & Development,Research Scientist,1,0.014767027751778216,Normal,3, Profil stable | → Maintenir les conditions actuelles | → Suivi de routine
1383,34,Research & Development,Healthcare Representative,0,0.00907298521594181,Normal,3, Profil stable | → Maintenir les conditions actuelles | → Suivi de routine
1387,28,Sales,Sales Executive,1,0.029810865869751492,Normal,13, Satisfaction au travail faible | → Évaluation des tâches et responsabilités | → Possibilité de changement de rôle ou projet | → Formation pour développement de compétences |  Salaire en dessous de la moyenne | → Révision salariale recommandée | → Bonus ou avantages supplémentaires |  Formation insuffisante | → Programme de formation continue | → Certifications professionnelles |  Distance domicile-travail importante | → Télétravail partiel ou complet | → Aide au transport
1389,31,Research & Development,Manufacturing Director,1,0.6425338318080971,URGENT,14, RISQUE ÉLEVÉ D'ATTRITION | → Entretien individuel immédiat avec le manager | → Révision salariale prioritaire | → Plan de rétention personnalisé |  Surcharge de travail détectée | → Redistribution de la charge de travail | → Embauche d'un support supplémentaire |  Stagnation de carrière | → Plan de développement de carrière | → Évaluation pour promotion | → Nouvelles responsabilités |  Distance domicile-travail importante | → Télétravail partiel ou complet | → Aide au transport
1390,39,Sales,Sales Executive,1,0.06917217926374115,Normal,6, Insatisfaction environnement de travail | → Amélioration des conditions de travail | → Changement d'équipe ou de bureau |  Distance domicile-travail importante | → Télétravail partiel ou complet | → Aide au transport
1391,51,Sales,Sales Executive,1,0.09240746029193417,Normal,3, Profil stable | → Maintenir les conditions actuelles | → Suivi de routine
1392,41,Research & Development,Research Scientist,1,0.016844483980706725,Normal,6, Surcharge de travail détectée | → Redistribution de la charge de travail | → Embauche d'un support supplémentaire |  Distance domicile-travail importante | → Télétravail partiel ou complet | → Aide au transport
1394,37,Research & Development,Research Scientist,1,0.07726119534956705,Normal,3, Profil stable | → Maintenir les conditions actuelles | → Suivi de routine
1395,33,Sales,Sales Executive,1,0.06569551061107722,Normal,3, Profil stable | → Maintenir les conditions actuelles | → Suivi de routine
1396,32,Sales,Sales Executive,1,0.047407644641799265,Normal,6, Surcharge de travail détectée | → Redistribution de la charge de travail | → Embauche d'un support supplémentaire |  Salaire en dessous de la moyenne | → Révision salariale recommandée | → Bonus ou avantages supplémentaires
1397,39,Research & Development,Healthcare Representative,1,0.0035408348512378004,Normal,3, Distance domicile-travail importante | → Télétravail partiel ou complet | → Aide au transport
1399,25,Sales,Sales Executive,1,0.03029478445035469,Normal,3, Insatisfaction environnement de travail | → Amélioration des conditions de travail | → Changement d'équipe ou de bureau
1401,52,Research & Development,Manufacturing Director,0,0.006050220447398955,Normal,9, Surcharge de travail détectée | → Redistribution de la charge de travail | → Embauche d'un support supplémentaire |  Salaire en dessous de la moyenne | → Révision salariale recommandée | → Bonus ou avantages supplémentaires |  Distance domicile-travail importante | → Télétravail partiel ou complet | → Aide au transport
1402,43,Research & Development,Research Scientist,0,0.04071578589288123,Normal,13, Équilibre vie-travail insuffisant | → Réduction des heures supplémentaires | → Télétravail ou horaires flexibles | → Programme de bien-être |  Surcharge de travail détectée | → Redistribution de la charge de travail | → Embauche d'un support supplémentaire |  Insatisfaction environnement de travail | → Amélioration des conditions de travail | → Changement d'équipe ou de bureau |  Salaire en dessous de la moyenne | → Révision salariale recommandée | → Bonus ou avantages supplémentaires
1403,27,Sales,Sales Executive,1,0.07364117567834524,Normal,3, Profil stable | → Maintenir les conditions actuelles | → Suivi de routine
1405,27,Research & Development,Research Scientist,1,0.9583805733772826,URGENT,11, RISQUE ÉLEVÉ D'ATTRITION | → Entretien individuel immédiat avec le manager | → Révision salariale prioritaire | → Plan de rétention personnalisé |  Stagnation de carrière | → Plan de développement de carrière | → Évaluation pour promotion | → Nouvelles responsabilités |  Salaire en dessous de la moyenne | → Révision salariale recommandée | → Bonus ou avantages supplémentaires
1407,26,Research & Development,Research Scientist,1,0.013169383062248173,Normal,3, Insatisfaction environnement de travail | → Amélioration des conditions de travail | → Changement d'équipe ou de bureau
1408,42,Human Resources,Manager,0,0.007325376446091532,Normal,4, Satisfaction au travail faible | → Évaluation des tâches et responsabilités | → Possibilité de changement de rôle ou projet | → Formation pour développement de compétences
1409,52,Research & Development,Laboratory Technician,1,0.06677980686495741,Normal,8, Satisfaction au travail faible | → Évaluation des tâches et responsabilités | → Possibilité de changement de rôle ou projet | → Formation pour développement de compétences |  Équilibre vie-travail insuffisant | → Réduction des heures supplémentaires | → Télétravail ou horaires flexibles | → Programme de bien-être
1411,37,Research & Development,Laboratory Technician,1,0.041121800201912855,Normal,3, Insatisfaction environnement de travail | → Amélioration des conditions de travail | → Changement d'équipe ou de bureau
1412,35,Research & Development,Manufacturing Director,1,0.015497509783564732,Normal,3, Profil stable | → Maintenir les conditions actuelles | → Suivi de routine
1415,25,Research & Development,Laboratory Technician,1,0.04213315621115531,Normal,3, Insatisfaction environnement de travail | → Amélioration des conditions de travail | → Changement d'équipe ou de bureau
1417,26,Research & Development,Laboratory Technician,1,0.023651215993348847,Normal,4, Satisfaction au travail faible | → Évaluation des tâches et responsabilités | → Possibilité de changement de rôle ou projet | → Formation pour développement de compétences
1419,29,Human Resources,Human Resources,0,0.13488664563821545,Normal,7, Satisfaction au travail faible | → Évaluation des tâches et responsabilités | → Possibilité de changement de rôle ou projet | → Formation pour développement de compétences |  Salaire en dessous de la moyenne | → Révision salariale recommandée | → Bonus ou avantages supplémentaires
1420,49,Research & Development,Laboratory Technician,1,0.8770648859370148,URGENT,17, RISQUE ÉLEVÉ D'ATTRITION | → Entretien individuel immédiat avec le manager | → Révision salariale prioritaire | → Plan de rétention personnalisé |  Satisfaction au travail faible | → Évaluation des tâches et responsabilités | → Possibilité de changement de rôle ou projet | → Formation pour développement de compétences |  Insatisfaction environnement de travail | → Amélioration des conditions de travail | → Changement d'équipe ou de bureau |  Salaire en dessous de la moyenne | → Révision salariale recommandée | → Bonus ou avantages supplémentaires |  Distance domicile-travail importante | → Télétravail partiel ou complet | → Aide au transport
1421,29,Research & Development,Healthcare Representative,0,0.8709936568325558,URGENT,14, RISQUE ÉLEVÉ D'ATTRITION | → Entretien individuel immédiat avec le manager | → Révision salariale prioritaire | → Plan de rétention personnalisé |  Stagnation de carrière | → Plan de développement de carrière | → Évaluation pour promotion | → Nouvelles responsabilités |  Salaire en dessous de la moyenne | → Révision salariale recommandée | → Bonus ou avantages supplémentaires |  Formation insuffisante | → Programme de formation continue | → Certifications professionnelles
1422,54,Research & Development,Research Director,0,0.009670051888760316,Normal,4, Stagnation de carrière | → Plan de développement de carrière | → Évaluation pour promotion | → Nouvelles responsabilités
1423,58,Research & Development,Research Director,0,0.0037731864117962898,Normal,4, Satisfaction au travail faible | → Évaluation des tâches et responsabilités | → Possibilité de changement de rôle ou projet | → Formation pour développement de compétences
1424,55,Research & Development,Research Director,0,0.0019799624062477894,Normal,3, Profil stable | → Maintenir les conditions actuelles | → Suivi de routine
1425,36,Sales,Sales Executive,1,0.11772914329908257,Normal,3, Insatisfaction environnement de travail | → Amélioration des conditions de travail | → Changement d'équipe ou de bureau
1427,31,Sales,Sales Representative,1,0.9915361469676159,URGENT,10, RISQUE ÉLEVÉ D'ATTRITION | → Entretien individuel immédiat avec le manager | → Révision salariale prioritaire | → Plan de rétention personnalisé |  Salaire en dessous de la moyenne | → Révision salariale recommandée | → Bonus ou avantages supplémentaires |  Faible implication au travail | → Projets stimulants et motivants | → Reconnaissance et valorisation
1428,30,Sales,Sales Executive,1,0.014889480063673435,Normal,7, Satisfaction au travail faible | → Évaluation des tâches et responsabilités | → Possibilité de changement de rôle ou projet | → Formation pour développement de compétences |  Salaire en dessous de la moyenne | → Révision salariale recommandée | → Bonus ou avantages supplémentaires
1430,31,Research & Development,Research Director,1,0.0361190671460168,Normal,3, Insatisfaction environnement de travail | → Amélioration des conditions de travail | → Changement d'équipe ou de bureau
1431,34,Research & Development,Research Scientist,1,0.025210324461482053,Normal,4, Satisfaction au travail faible | → Évaluation des tâches et responsabilités | → Possibilité de changement de rôle ou projet | → Formation pour développement de compétences
1433,31,Research & Development,Research Scientist,1,0.909965435604521,URGENT,10, RISQUE ÉLEVÉ D'ATTRITION | → Entretien individuel immédiat avec le manager | → Révision salariale prioritaire | → Plan de rétention personnalisé |  Insatisfaction environnement de travail | → Amélioration des conditions de travail | → Changement d'équipe ou de bureau |  Salaire en dessous de la moyenne | → Révision salariale recommandée | → Bonus ou avantages supplémentaires
1434,27,Research & Development,Laboratory Technician,1,0.061723498838570375,Normal,7, Satisfaction au travail faible | → Évaluation des tâches et responsabilités | → Possibilité de changement de rôle ou projet | → Formation pour développement de compétences |  Salaire en dessous de la moyenne | → Révision salariale recommandée | → Bonus ou avantages supplémentaires
1435,36,Research & Development,Laboratory Technician,1,0.014187834795730846,Normal,3, Insatisfaction environnement de travail | → Amélioration des conditions de travail | → Changement d'équipe ou de bureau
1436,36,Sales,Sales Executive,1,0.038081203320456766,Normal,4, Satisfaction au travail faible | → Évaluation des tâches et responsabilités | → Possibilité de changement de rôle ou projet | → Formation pour développement de compétences
1438,47,Research & Development,Research Scientist,1,0.021293584554739824,Normal,3, Insatisfaction environnement de travail | → Amélioration des conditions de travail | → Changement d'équipe ou de bureau
1439,25,Sales,Sales Representative,1,0.7782751540356921,URGENT,11, RISQUE ÉLEVÉ D'ATTRITION | → Entretien individuel immédiat avec le manager | → Révision salariale prioritaire | → Plan de rétention personnalisé |  Satisfaction au travail faible | → Évaluation des tâches et responsabilités | → Possibilité de changement de rôle ou projet | → Formation pour développement de compétences |  Insatisfaction environnement de travail | → Amélioration des conditions de travail | → Changement d'équipe ou de bureau
1440,37,Research & Development,Laboratory Technician,1,0.016922628697293107,Normal,4, Équilibre vie-travail insuffisant | → Réduction des heures supplémentaires | → Télétravail ou horaires flexibles | → Programme de bien-être
1441,56,Research & Development,Research Scientist,1,0.03670339926213452,Normal,10, Satisfaction au travail faible | → Évaluation des tâches et responsabilités | → Possibilité de changement de rôle ou projet | → Formation pour développement de compétences |  Insatisfaction environnement de travail | → Amélioration des conditions de travail | → Changement d'équipe ou de bureau |  Salaire en dessous de la moyenne | → Révision salariale recommandée | → Bonus ou avantages supplémentaires
1443,47,Research & Development,Research Director,0,0.007117481747895216,Normal,3, Insatisfaction environnement de travail | → Amélioration des conditions de travail | → Changement d'équipe ou de bureau
1445,24,Sales,Sales Executive,1,0.01668146357025287,Normal,3, Salaire en dessous de la moyenne | → Révision salariale recommandée | → Bonus ou avantages supplémentaires
1446,32,Sales,Sales Executive,1,0.027755599152108238,Normal,3, Profil stable | → Maintenir les conditions actuelles | → Suivi de routine
1447,34,Research & Development,Laboratory Technician,1,0.029816722412439097,Normal,3, Profil stable | → Maintenir les conditions actuelles | → Suivi de routine
1448,41,Research & Development,Research Scientist,1,0.1662583755893913,Normal,6, Surcharge de travail détectée | → Redistribution de la charge de travail | → Embauche d'un support supplémentaire |  Salaire en dessous de la moyenne | → Révision salariale recommandée | → Bonus ou avantages supplémentaires
1449,40,Research & Development,Laboratory Technician,1,0.00388044838164913,Normal,3, Salaire en dessous de la moyenne | → Révision salariale recommandée | → Bonus ou avantages supplémentaires
1453,31,Sales,Sales Executive,0,0.014078249914792309,Normal,7, Insatisfaction environnement de travail | → Amélioration des conditions de travail | → Changement d'équipe ou de bureau |  Stagnation de carrière | → Plan de développement de carrière | → Évaluation pour promotion | → Nouvelles responsabilités
1457,46,Sales,Sales Executive,0,0.7381242081516577,URGENT,10, RISQUE ÉLEVÉ D'ATTRITION | → Entretien individuel immédiat avec le manager | → Révision salariale prioritaire | → Plan de rétention personnalisé |  Insatisfaction environnement de travail | → Amélioration des conditions de travail | → Changement d'équipe ou de bureau |  Formation insuffisante | → Programme de formation continue | → Certifications professionnelles
1458,39,Research & Development,Laboratory Technician,1,0.9401744049607655,URGENT,11, RISQUE ÉLEVÉ D'ATTRITION | → Entretien individuel immédiat avec le manager | → Révision salariale prioritaire | → Plan de rétention personnalisé |  Satisfaction au travail faible | → Évaluation des tâches et responsabilités | → Possibilité de changement de rôle ou projet | → Formation pour développement de compétences |  Insatisfaction environnement de travail | → Amélioration des conditions de travail | → Changement d'équipe ou de bureau
1459,31,Research & Development,Manufacturing Director,0,0.6406738274724564,URGENT,7, RISQUE ÉLEVÉ D'ATTRITION | → Entretien individuel immédiat avec le manager | → Révision salariale prioritaire | → Plan de rétention personnalisé |  Salaire en dessous de la moyenne | → Révision salariale recommandée | → Bonus ou avantages supplémentaires
1460,45,Research & Development,Healthcare Representative,0,0.025049838974632505,Normal,7, Satisfaction au travail faible | → Évaluation des tâches et responsabilités | → Possibilité de changement de rôle ou projet | → Formation pour développement de compétences |  Faible implication au travail | → Projets stimulants et motivants | → Reconnaissance et valorisation
1461,31,Human Resources,Human Resources,1,0.021599162578293984,Normal,3, Salaire en dessous de la moyenne | → Révision salariale recommandée | → Bonus ou avantages supplémentaires
1464,31,Research & Development,Laboratory Technician,1,0.9683082998286249,URGENT,11, RISQUE ÉLEVÉ D'ATTRITION | → Entretien individuel immédiat avec le manager | → Révision salariale prioritaire | → Plan de rétention personnalisé |  Équilibre vie-travail insuffisant | → Réduction des heures supplémentaires | → Télétravail ou horaires flexibles | → Programme de bien-être |  Surcharge de travail détectée | → Redistribution de la charge de travail | → Embauche d'un support supplémentaire
1465,45,Research & Development,Manufacturing Director,1,0.06969956372344811,Normal,3, Distance domicile-travail importante | → Télétravail partiel ou complet | → Aide au transport
1466,48,Sales,Sales Executive,1,0.053895610510062,Normal,4, Satisfaction au travail faible | → Évaluation des tâches et responsabilités | → Possibilité de changement de rôle ou projet | → Formation pour développement de compétences
1467,34,Human Resources,Human Resources,1,0.7452341646693277,URGENT,10, RISQUE ÉLEVÉ D'ATTRITION | → Entretien individuel immédiat avec le manager | → Révision salariale prioritaire | → Plan de rétention personnalisé |  Insatisfaction environnement de travail | → Amélioration des conditions de travail | → Changement d'équipe ou de bureau |  Formation insuffisante | → Programme de formation continue | → Certifications professionnelles
1468,40,Research & Development,Research Director,0,0.0029094360779943337,Normal,3, Profil stable | → Maintenir les conditions actuelles | → Suivi de routine
1469,28,Sales,Sales Executive,1,0.037375169410833395,Normal,4, Satisfaction au travail faible | → Évaluation des tâches et responsabilités | → Possibilité de changement de rôle ou projet | → Formation pour développement de compétences
1471,44,Research & Development,Laboratory Technician,1,0.011909963347702071,Normal,3, Profil stable | → Maintenir les conditions actuelles | → Suivi de routine
1472,53,Research & Development,Research Director,0,0.00699436351545066,Normal,4, Stagnation de carrière | → Plan de développement de carrière | → Évaluation pour promotion | → Nouvelles responsabilités
1473,49,Research & Development,Healthcare Representative,1,0.03118118940151272,Normal,6, Insatisfaction environnement de travail | → Amélioration des conditions de travail | → Changement d'équipe ou de bureau |  Formation insuffisante | → Programme de formation continue | → Certifications professionnelles
1474,40,Research & Development,Research Scientist,1,0.007044544886556209,Normal,3, Salaire en dessous de la moyenne | → Révision salariale recommandée | → Bonus ou avantages supplémentaires
1475,44,Research & Development,Research Scientist,1,0.04075864248509114,Normal,3, Profil stable | → Maintenir les conditions actuelles | → Suivi de routine
1477,33,Sales,Sales Executive,1,0.04106478227866465,Normal,7, Satisfaction au travail faible | → Évaluation des tâches et responsabilités | → Possibilité de changement de rôle ou projet | → Formation pour développement de compétences |  Salaire en dessous de la moyenne | → Révision salariale recommandée | → Bonus ou avantages supplémentaires
1478,34,Sales,Sales Executive,0,0.0171269379628882,Normal,10, Satisfaction au travail faible | → Évaluation des tâches et responsabilités | → Possibilité de changement de rôle ou projet | → Formation pour développement de compétences |  Salaire en dessous de la moyenne | → Révision salariale recommandée | → Bonus ou avantages supplémentaires |  Faible implication au travail | → Projets stimulants et motivants | → Reconnaissance et valorisation
1479,30,Sales,Sales Executive,1,0.06844814593819114,Normal,3, Profil stable | → Maintenir les conditions actuelles | → Suivi de routine
1480,42,Research & Development,Laboratory Technician,0,0.01516160413951731,Normal,3, Insatisfaction environnement de travail | → Amélioration des conditions de travail | → Changement d'équipe ou de bureau
1481,44,Sales,Sales Executive,1,0.06538609012115855,Normal,6, Insatisfaction environnement de travail | → Amélioration des conditions de travail | → Changement d'équipe ou de bureau |  Salaire en dessous de la moyenne | → Révision salariale recommandée | → Bonus ou avantages supplémentaires
1482,30,Research & Development,Research Scientist,1,0.02102955746444867,Normal,3, Salaire en dessous de la moyenne | → Révision salariale recommandée | → Bonus ou avantages supplémentaires
1483,57,Research & Development,Research Scientist,0,0.006883355812383811,Normal,3, Profil stable | → Maintenir les conditions actuelles | → Suivi de routine
1484,49,Research & Development,Healthcare Representative,0,0.008925374593635767,Normal,3, Profil stable | → Maintenir les conditions actuelles | → Suivi de routine
1485,34,Research & Development,Research Director,0,0.036991999690218484,Normal,8, Satisfaction au travail faible | → Évaluation des tâches et responsabilités | → Possibilité de changement de rôle ou projet | → Formation pour développement de compétences |  Stagnation de carrière | → Plan de développement de carrière | → Évaluation pour promotion | → Nouvelles responsabilités
1486,28,Sales,Sales Representative,1,0.8274836637872826,URGENT,7, RISQUE ÉLEVÉ D'ATTRITION | → Entretien individuel immédiat avec le manager | → Révision salariale prioritaire | → Plan de rétention personnalisé |  Insatisfaction environnement de travail | → Amélioration des conditions de travail | → Changement d'équipe ou de bureau
1487,29,Sales,Sales Executive,1,0.9400153931710736,URGENT,11, RISQUE ÉLEVÉ D'ATTRITION | → Entretien individuel immédiat avec le manager | → Révision salariale prioritaire | → Plan de rétention personnalisé |  Équilibre vie-travail insuffisant | → Réduction des heures supplémentaires | → Télétravail ou horaires flexibles | → Programme de bien-être |  Insatisfaction environnement de travail | → Amélioration des conditions de travail | → Changement d'équipe ou de bureau
1489,34,Sales,Sales Executive,0,0.9532305023406477,URGENT,17, RISQUE ÉLEVÉ D'ATTRITION | → Entretien individuel immédiat avec le manager | → Révision salariale prioritaire | → Plan de rétention personnalisé |  Insatisfaction environnement de travail | → Amélioration des conditions de travail | → Changement d'équipe ou de bureau |  Stagnation de carrière | → Plan de développement de carrière | → Évaluation pour promotion | → Nouvelles responsabilités |  Salaire en dessous de la moyenne | → Révision salariale recommandée | → Bonus ou avantages supplémentaires |  Distance domicile-travail importante | → Télétravail partiel ou complet | → Aide au transport
1492,35,Sales,Sales Representative,1,0.06106695875021152,Normal,3, Profil stable | → Maintenir les conditions actuelles | → Suivi de routine
1494,24,Research & Development,Laboratory Technician,1,0.9773422617379153,URGENT,11, RISQUE ÉLEVÉ D'ATTRITION | → Entretien individuel immédiat avec le manager | → Révision salariale prioritaire | → Plan de rétention personnalisé |  Satisfaction au travail faible | → Évaluation des tâches et responsabilités | → Possibilité de changement de rôle ou projet | → Formation pour développement de compétences |  Surcharge de travail détectée | → Redistribution de la charge de travail | → Embauche d'un support supplémentaire
1495,24,Sales,Sales Representative,1,0.03879308113684793,Normal,3, Salaire en dessous de la moyenne | → Révision salariale recommandée | → Bonus ou avantages supplémentaires
1496,44,Research & Development,Manufacturing Director,1,0.039769526058900544,Normal,3, Surcharge de travail détectée | → Redistribution de la charge de travail | → Embauche d'un support supplémentaire
1497,29,Sales,Sales Executive,1,0.013292450317252853,Normal,3, Profil stable | → Maintenir les conditions actuelles | → Suivi de routine
1499,30,Human Resources,Human Resources,1,0.015031937375109317,Normal,3, Salaire en dessous de la moyenne | → Révision salariale recommandée | → Bonus ou avantages supplémentaires
1501,55,Research & Development,Healthcare Representative,1,0.02438083036136104,Normal,3, Salaire en dessous de la moyenne | → Révision salariale recommandée | → Bonus ou avantages supplémentaires
1502,33,Research & Development,Laboratory Technician,1,0.06562077789089128,Normal,3, Insatisfaction environnement de travail | → Amélioration des conditions de travail | → Changement d'équipe ou de bureau
1503,47,Sales,Sales Executive,1,0.04810826021051421,Normal,6, Surcharge de travail détectée | → Redistribution de la charge de travail | → Embauche d'un support supplémentaire |  Salaire en dessous de la moyenne | → Révision salariale recommandée | → Bonus ou avantages supplémentaires
1504,28,Research & Development,Laboratory Technician,1,0.9484382368450684,URGENT,8, RISQUE ÉLEVÉ D'ATTRITION | → Entretien individuel immédiat avec le manager | → Révision salariale prioritaire | → Plan de rétention personnalisé |  Satisfaction au travail faible | → Évaluation des tâches et responsabilités | → Possibilité de changement de rôle ou projet | → Formation pour développement de compétences
1506,28,Research & Development,Research Scientist,1,0.04862744293586635,Normal,10, Équilibre vie-travail insuffisant | → Réduction des heures supplémentaires | → Télétravail ou horaires flexibles | → Programme de bien-être |  Insatisfaction environnement de travail | → Amélioration des conditions de travail | → Changement d'équipe ou de bureau |  Salaire en dessous de la moyenne | → Révision salariale recommandée | → Bonus ou avantages supplémentaires
1507,28,Sales,Sales Executive,1,0.06602921394599703,Normal,4, Satisfaction au travail faible | → Évaluation des tâches et responsabilités | → Possibilité de changement de rôle ou projet | → Formation pour développement de compétences
1509,49,Research & Development,Laboratory Technician,1,0.03866338471289025,Normal,4, Satisfaction au travail faible | → Évaluation des tâches et responsabilités | → Possibilité de changement de rôle ou projet | → Formation pour développement de compétences
1513,29,Research & Development,Laboratory Technician,1,0.011137622589781534,Normal,3, Profil stable | → Maintenir les conditions actuelles | → Suivi de routine
1514,28,Research & Development,Manufacturing Director,1,0.012576345748278943,Normal,6, Distance domicile-travail importante | → Télétravail partiel ou complet | → Aide au transport |  Faible implication au travail | → Projets stimulants et motivants | → Reconnaissance et valorisation
1515,33,Research & Development,Healthcare Representative,1,0.06180991827989764,Normal,3, Profil stable | → Maintenir les conditions actuelles | → Suivi de routine
1516,32,Research & Development,Manager,1,0.008952913429406007,Normal,3, Profil stable | → Maintenir les conditions actuelles | → Suivi de routine
1520,54,Research & Development,Manager,0,0.009891924437659105,Normal,3, Profil stable | → Maintenir les conditions actuelles | → Suivi de routine
1522,29,Research & Development,Research Scientist,1,0.9282469984628499,URGENT,18, RISQUE ÉLEVÉ D'ATTRITION | → Entretien individuel immédiat avec le manager | → Révision salariale prioritaire | → Plan de rétention personnalisé |  Satisfaction au travail faible | → Évaluation des tâches et responsabilités | → Possibilité de changement de rôle ou projet | → Formation pour développement de compétences |  Équilibre vie-travail insuffisant | → Réduction des heures supplémentaires | → Télétravail ou horaires flexibles | → Programme de bien-être |  Insatisfaction environnement de travail | → Amélioration des conditions de travail | → Changement d'équipe ou de bureau |  Salaire en dessous de la moyenne | → Révision salariale recommandée | → Bonus ou avantages supplémentaires
1523,44,Research & Development,Research Director,0,0.010740064469228157,Normal,14, Satisfaction au travail faible | → Évaluation des tâches et responsabilités | → Possibilité de changement de rôle ou projet | → Formation pour développement de compétences |  Stagnation de carrière | → Plan de développement de carrière | → Évaluation pour promotion | → Nouvelles responsabilités |  Formation insuffisante | → Programme de formation continue | → Certifications professionnelles |  Distance domicile-travail importante | → Télétravail partiel ou complet | → Aide au transport
1525,39,Research & Development,Manufacturing Director,1,0.01384744746568842,Normal,3, Salaire en dessous de la moyenne | → Révision salariale recommandée | → Bonus ou avantages supplémentaires
1527,46,Sales,Manager,0,0.008456050018487697,Normal,3, Profil stable | → Maintenir les conditions actuelles | → Suivi de routine
1529,35,Research & Development,Healthcare Representative,0,0.019174964440273633,Normal,7, Équilibre vie-travail insuffisant | → Réduction des heures supplémentaires | → Télétravail ou horaires flexibles | → Programme de bien-être |  Salaire en dessous de la moyenne | → Révision salariale recommandée | → Bonus ou avantages supplémentaires
1533,23,Research & Development,Laboratory Technician,1,0.03629305260499165,Normal,6, Insatisfaction environnement de travail | → Amélioration des conditions de travail | → Changement d'équipe ou de bureau |  Salaire en dessous de la moyenne | → Révision salariale recommandée | → Bonus ou avantages supplémentaires
1534,40,Research & Development,Laboratory Technician,1,0.8709088590966121,URGENT,15, RISQUE ÉLEVÉ D'ATTRITION | → Entretien individuel immédiat avec le manager | → Révision salariale prioritaire | → Plan de rétention personnalisé |  Satisfaction au travail faible | → Évaluation des tâches et responsabilités | → Possibilité de changement de rôle ou projet | → Formation pour développement de compétences |  Équilibre vie-travail insuffisant | → Réduction des heures supplémentaires | → Télétravail ou horaires flexibles | → Programme de bien-être |  Salaire en dessous de la moyenne | → Révision salariale recommandée | → Bonus ou avantages supplémentaires
1535,34,Sales,Sales Executive,0,0.06339264662857154,Normal,7, Stagnation de carrière | → Plan de développement de carrière | → Évaluation pour promotion | → Nouvelles responsabilités |  Salaire en dessous de la moyenne | → Révision salariale recommandée | → Bonus ou avantages supplémentaires
1537,31,Research & Development,Research Scientist,1,0.8383615441989218,URGENT,12, RISQUE ÉLEVÉ D'ATTRITION | → Entretien individuel immédiat avec le manager | → Révision salariale prioritaire | → Plan de rétention personnalisé |  Équilibre vie-travail insuffisant | → Réduction des heures supplémentaires | → Télétravail ou horaires flexibles | → Programme de bien-être |  Stagnation de carrière | → Plan de développement de carrière | → Évaluation pour promotion | → Nouvelles responsabilités
1539,50,Research & Development,Research Director,0,0.019802748552909883,Normal,10, Stagnation de carrière | → Plan de développement de carrière | → Évaluation pour promotion | → Nouvelles responsabilités |  Distance domicile-travail importante | → Télétravail partiel ou complet | → Aide au transport |  Faible implication au travail | → Projets stimulants et motivants | → Reconnaissance et valorisation
1541,34,Sales,Sales Representative,0,0.03779971611097198,Normal,3, Profil stable | → Maintenir les conditions actuelles | → Suivi de routine
1542,42,Research & Development,Laboratory Technician,1,0.020130291693642017,Normal,3, Profil stable | → Maintenir les conditions actuelles | → Suivi de routine
1543,37,Research & Development,Research Scientist,0,0.03540127426843687,Normal,6, Insatisfaction environnement de travail | → Amélioration des conditions de travail | → Changement d'équipe ou de bureau |  Salaire en dessous de la moyenne | → Révision salariale recommandée | → Bonus ou avantages supplémentaires
1544,29,Research & Development,Healthcare Representative,1,0.018710838652886978,Normal,7, Satisfaction au travail faible | → Évaluation des tâches et responsabilités | → Possibilité de changement de rôle ou projet | → Formation pour développement de compétences |  Faible implication au travail | → Projets stimulants et motivants | → Reconnaissance et valorisation
1545,33,Research & Development,Manufacturing Director,1,0.031150011329334978,Normal,6, Salaire en dessous de la moyenne | → Révision salariale recommandée | → Bonus ou avantages supplémentaires |  Distance domicile-travail importante | → Télétravail partiel ou complet | → Aide au transport
1546,45,Research & Development,Research Scientist,1,0.010396120414393901,Normal,6, Salaire en dessous de la moyenne | → Révision salariale recommandée | → Bonus ou avantages supplémentaires |  Distance domicile-travail importante | → Télétravail partiel ou complet | → Aide au transport
1547,42,Research & Development,Healthcare Representative,0,0.00575370093873769,Normal,11, Équilibre vie-travail insuffisant | → Réduction des heures supplémentaires | → Télétravail ou horaires flexibles | → Programme de bien-être |  Surcharge de travail détectée | → Redistribution de la charge de travail | → Embauche d'un support supplémentaire |  Stagnation de carrière | → Plan de développement de carrière | → Évaluation pour promotion | → Nouvelles responsabilités
1548,40,Sales,Sales Executive,1,0.07024768828400244,Normal,11, Satisfaction au travail faible | → Évaluation des tâches et responsabilités | → Possibilité de changement de rôle ou projet | → Formation pour développement de compétences |  Insatisfaction environnement de travail | → Amélioration des conditions de travail | → Changement d'équipe ou de bureau |  Stagnation de carrière | → Plan de développement de carrière | → Évaluation pour promotion | → Nouvelles responsabilités
1549,33,Research & Development,Laboratory Technician,0,0.019449537461092355,Normal,3, Distance domicile-travail importante | → Télétravail partiel ou complet | → Aide au transport
1550,40,Human Resources,Manager,0,0.023828802379792482,Normal,4, Stagnation de carrière | → Plan de développement de carrière | → Évaluation pour promotion | → Nouvelles responsabilités
1551,24,Research & Development,Laboratory Technician,1,0.09434557951728884,Normal,10, Satisfaction au travail faible | → Évaluation des tâches et responsabilités | → Possibilité de changement de rôle ou projet | → Formation pour développement de compétences |  Salaire en dessous de la moyenne | → Révision salariale recommandée | → Bonus ou avantages supplémentaires |  Distance domicile-travail importante | → Télétravail partiel ou complet | → Aide au transport
1552,40,Research & Development,Healthcare Representative,1,0.0031676430341108417,Normal,3, Salaire en dessous de la moyenne | → Révision salariale recommandée | → Bonus ou avantages supplémentaires
1553,45,Research & Development,Healthcare Representative,0,0.04028480529119286,Normal,10, Insatisfaction environnement de travail | → Amélioration des conditions de travail | → Changement d'équipe ou de bureau |  Stagnation de carrière | → Plan de développement de carrière | → Évaluation pour promotion | → Nouvelles responsabilités |  Salaire en dessous de la moyenne | → Révision salariale recommandée | → Bonus ou avantages supplémentaires
1554,35,Sales,Sales Representative,1,0.018016288524272745,Normal,3, Distance domicile-travail importante | → Télétravail partiel ou complet | → Aide au transport
1555,32,Research & Development,Research Scientist,1,0.02242337199452485,Normal,3, Profil stable | → Maintenir les conditions actuelles | → Suivi de routine
1556,36,Sales,Sales Representative,1,0.11291443093130882,Normal,3, Surcharge de travail détectée | → Redistribution de la charge de travail | → Embauche d'un support supplémentaire
1557,48,Sales,Sales Executive,0,0.021868349839925326,Normal,4, Stagnation de carrière | → Plan de développement de carrière | → Évaluation pour promotion | → Nouvelles responsabilités
1558,29,Research & Development,Research Scientist,1,0.05518642251071243,Normal,3, Profil stable | → Maintenir les conditions actuelles | → Suivi de routine
1560,33,Sales,Sales Executive,1,0.016842513642788583,Normal,11, Satisfaction au travail faible | → Évaluation des tâches et responsabilités | → Possibilité de changement de rôle ou projet | → Formation pour développement de compétences |  Équilibre vie-travail insuffisant | → Réduction des heures supplémentaires | → Télétravail ou horaires flexibles | → Programme de bien-être |  Insatisfaction environnement de travail | → Amélioration des conditions de travail | → Changement d'équipe ou de bureau
1562,30,Sales,Sales Executive,0,0.5854498311788208,Moyen,10, RISQUE MOYEN D'ATTRITION | → Suivi régulier avec le manager |  Satisfaction au travail faible | → Évaluation des tâches et responsabilités | → Possibilité de changement de rôle ou projet | → Formation pour développement de compétences |  Stagnation de carrière | → Plan de développement de carrière | → Évaluation pour promotion | → Nouvelles responsabilités
1563,38,Human Resources,Human Resources,1,0.020039448479446175,Normal,3, Profil stable | → Maintenir les conditions actuelles | → Suivi de routine
1564,35,Research & Development,Laboratory Technician,1,0.052642189851837794,Normal,4, Satisfaction au travail faible | → Évaluation des tâches et responsabilités | → Possibilité de changement de rôle ou projet | → Formation pour développement de compétences
1568,30,Sales,Sales Executive,1,0.024682447579117427,Normal,3, Distance domicile-travail importante | → Télétravail partiel ou complet | → Aide au transport
1569,35,Research & Development,Laboratory Technician,1,0.9396725836674656,URGENT,14, RISQUE ÉLEVÉ D'ATTRITION | → Entretien individuel immédiat avec le manager | → Révision salariale prioritaire | → Plan de rétention personnalisé |  Satisfaction au travail faible | → Évaluation des tâches et responsabilités | → Possibilité de changement de rôle ou projet | → Formation pour développement de compétences |  Insatisfaction environnement de travail | → Amélioration des conditions de travail | → Changement d'équipe ou de bureau |  Salaire en dessous de la moyenne | → Révision salariale recommandée | → Bonus ou avantages supplémentaires
1572,53,Research & Development,Manufacturing Director,0,0.792499125183909,URGENT,4, RISQUE ÉLEVÉ D'ATTRITION | → Entretien individuel immédiat avec le manager | → Révision salariale prioritaire | → Plan de rétention personnalisé
1573,38,Research & Development,Manufacturing Director,1,0.5110499214259597,Moyen,2, RISQUE MOYEN D'ATTRITION | → Suivi régulier avec le manager
1574,32,Research & Development,Research Scientist,1,0.009560574710310098,Normal,7, Satisfaction au travail faible | → Évaluation des tâches et responsabilités | → Possibilité de changement de rôle ou projet | → Formation pour développement de compétences |  Salaire en dessous de la moyenne | → Révision salariale recommandée | → Bonus ou avantages supplémentaires
1576,48,Research & Development,Research Scientist,1,0.04330477825840237,Normal,11, Satisfaction au travail faible | → Évaluation des tâches et responsabilités | → Possibilité de changement de rôle ou projet | → Formation pour développement de compétences |  Stagnation de carrière | → Plan de développement de carrière | → Évaluation pour promotion | → Nouvelles responsabilités |  Salaire en dessous de la moyenne | → Révision salariale recommandée | → Bonus ou avantages supplémentaires
1577,34,Research & Development,Research Scientist,1,0.04509590787219845,Normal,7, Équilibre vie-travail insuffisant | → Réduction des heures supplémentaires | → Télétravail ou horaires flexibles | → Programme de bien-être |  Insatisfaction environnement de travail | → Amélioration des conditions de travail | → Changement d'équipe ou de bureau
1578,55,Sales,Manager,0,0.01010345608882778,Normal,3, Distance domicile-travail importante | → Télétravail partiel ou complet | → Aide au transport
1580,34,Research & Development,Research Scientist,1,0.014661887383301245,Normal,3, Profil stable | → Maintenir les conditions actuelles | → Suivi de routine
1581,26,Research & Development,Research Scientist,1,0.053951157801363205,Normal,6, Insatisfaction environnement de travail | → Amélioration des conditions de travail | → Changement d'équipe ou de bureau |  Salaire en dessous de la moyenne | → Révision salariale recommandée | → Bonus ou avantages supplémentaires
1582,38,Sales,Sales Executive,0,0.05900248055568645,Normal,4, Stagnation de carrière | → Plan de développement de carrière | → Évaluation pour promotion | → Nouvelles responsabilités
1583,38,Sales,Sales Executive,1,0.02877624834140926,Normal,3, Salaire en dessous de la moyenne | → Révision salariale recommandée | → Bonus ou avantages supplémentaires
1585,36,Sales,Sales Executive,1,0.01975928085123243,Normal,3, Profil stable | → Maintenir les conditions actuelles | → Suivi de routine
1586,29,Research & Development,Laboratory Technician,1,0.02950769144765304,Normal,4, Satisfaction au travail faible | → Évaluation des tâches et responsabilités | → Possibilité de changement de rôle ou projet | → Formation pour développement de compétences
1587,35,Research & Development,Healthcare Representative,1,0.03768981951278377,Normal,3, Insatisfaction environnement de travail | → Amélioration des conditions de travail | → Changement d'équipe ou de bureau
1588,39,Sales,Sales Executive,0,0.025005222432195936,Normal,4, Stagnation de carrière | → Plan de développement de carrière | → Évaluation pour promotion | → Nouvelles responsabilités
1590,29,Research & Development,Healthcare Representative,1,0.021551294204897858,Normal,6, Insatisfaction environnement de travail | → Amélioration des conditions de travail | → Changement d'équipe ou de bureau |  Formation insuffisante | → Programme de formation continue | → Certifications professionnelles
1591,50,Sales,Manager,1,0.015947086478791016,Normal,3, Profil stable | → Maintenir les conditions actuelles | → Suivi de routine
1592,23,Research & Development,Research Scientist,1,0.017757918017041095,Normal,3, Salaire en dessous de la moyenne | → Révision salariale recommandée | → Bonus ou avantages supplémentaires
1594,36,Research & Development,Laboratory Technician,1,0.018015311850938454,Normal,7, Satisfaction au travail faible | → Évaluation des tâches et responsabilités | → Possibilité de changement de rôle ou projet | → Formation pour développement de compétences |  Insatisfaction environnement de travail | → Amélioration des conditions de travail | → Changement d'équipe ou de bureau
1595,42,Research & Development,Manager,1,0.005679737672957138,Normal,3, Profil stable | → Maintenir les conditions actuelles | → Suivi de routine
1596,35,Research & Development,Laboratory Technician,0,0.008713264261982247,Normal,10, Stagnation de carrière | → Plan de développement de carrière | → Évaluation pour promotion | → Nouvelles responsabilités |  Salaire en dessous de la moyenne | → Révision salariale recommandée | → Bonus ou avantages supplémentaires |  Distance domicile-travail importante | → Télétravail partiel ou complet | → Aide au transport
1597,34,Research & Development,Healthcare Representative,1,0.0375316626189228,Normal,4, Stagnation de carrière | → Plan de développement de carrière | → Évaluation pour promotion | → Nouvelles responsabilités
1598,40,Sales,Sales Executive,1,0.01982960050064096,Normal,7, Satisfaction au travail faible | → Évaluation des tâches et responsabilités | → Possibilité de changement de rôle ou projet | → Formation pour développement de compétences |  Salaire en dessous de la moyenne | → Révision salariale recommandée | → Bonus ou avantages supplémentaires
1599,43,Research & Development,Laboratory Technician,1,0.00823971264997813,Normal,6, Formation insuffisante | → Programme de formation continue | → Certifications professionnelles |  Distance domicile-travail importante | → Télétravail partiel ou complet | → Aide au transport
1601,35,Research & Development,Laboratory Technician,1,0.03314676404392935,Normal,3, Profil stable | → Maintenir les conditions actuelles | → Suivi de routine
1602,46,Sales,Manager,0,0.027769861536880294,Normal,8, Satisfaction au travail faible | → Évaluation des tâches et responsabilités | → Possibilité de changement de rôle ou projet | → Formation pour développement de compétences |  Équilibre vie-travail insuffisant | → Réduction des heures supplémentaires | → Télétravail ou horaires flexibles | → Programme de bien-être
1604,28,Research & Development,Laboratory Technician,1,0.9466548779211089,URGENT,10, RISQUE ÉLEVÉ D'ATTRITION | → Entretien individuel immédiat avec le manager | → Révision salariale prioritaire | → Plan de rétention personnalisé |  Salaire en dessous de la moyenne | → Révision salariale recommandée | → Bonus ou avantages supplémentaires |  Distance domicile-travail importante | → Télétravail partiel ou complet | → Aide au transport
1605,22,Research & Development,Research Scientist,1,0.11229172828144304,Normal,6, Surcharge de travail détectée | → Redistribution de la charge de travail | → Embauche d'un support supplémentaire |  Distance domicile-travail importante | → Télétravail partiel ou complet | → Aide au transport
1606,50,Research & Development,Healthcare Representative,0,0.018838973414038056,Normal,7, Stagnation de carrière | → Plan de développement de carrière | → Évaluation pour promotion | → Nouvelles responsabilités |  Salaire en dessous de la moyenne | → Révision salariale recommandée | → Bonus ou avantages supplémentaires
1607,32,Research & Development,Research Scientist,1,0.0036327701986575223,Normal,3, Profil stable | → Maintenir les conditions actuelles | → Suivi de routine
1608,44,Research & Development,Research Director,0,0.010533727288428505,Normal,3, Surcharge de travail détectée | → Redistribution de la charge de travail | → Embauche d'un support supplémentaire
1609,30,Research & Development,Research Scientist,1,0.011850627460379166,Normal,3, Salaire en dessous de la moyenne | → Révision salariale recommandée | → Bonus ou avantages supplémentaires
1611,45,Research & Development,Laboratory Technician,1,0.046344031356856705,Normal,7, Satisfaction au travail faible | → Évaluation des tâches et responsabilités | → Possibilité de changement de rôle ou projet | → Formation pour développement de compétences |  Faible implication au travail | → Projets stimulants et motivants | → Reconnaissance et valorisation
1612,45,Sales,Sales Executive,0,0.02946515340949015,Normal,13, Satisfaction au travail faible | → Évaluation des tâches et responsabilités | → Possibilité de changement de rôle ou projet | → Formation pour développement de compétences |  Insatisfaction environnement de travail | → Amélioration des conditions de travail | → Changement d'équipe ou de bureau |  Salaire en dessous de la moyenne | → Révision salariale recommandée | → Bonus ou avantages supplémentaires |  Distance domicile-travail importante | → Télétravail partiel ou complet | → Aide au transport
1613,31,Sales,Sales Executive,1,0.08682762472028617,Normal,4, Satisfaction au travail faible | → Évaluation des tâches et responsabilités | → Possibilité de changement de rôle ou projet | → Formation pour développement de compétences
1614,36,Research & Development,Manufacturing Director,1,0.020227469064246245,Normal,3, Profil stable | → Maintenir les conditions actuelles | → Suivi de routine
1615,34,Research & Development,Manufacturing Director,1,0.009608077598994272,Normal,4, Stagnation de carrière | → Plan de développement de carrière | → Évaluation pour promotion | → Nouvelles responsabilités
1617,49,Research & Development,Laboratory Technician,1,0.025314642300117398,Normal,7, Satisfaction au travail faible | → Évaluation des tâches et responsabilités | → Possibilité de changement de rôle ou projet | → Formation pour développement de compétences |  Distance domicile-travail importante | → Télétravail partiel ou complet | → Aide au transport
1618,39,Research & Development,Manufacturing Director,0,0.025053035305376857,Normal,8, Satisfaction au travail faible | → Évaluation des tâches et responsabilités | → Possibilité de changement de rôle ou projet | → Formation pour développement de compétences |  Stagnation de carrière | → Plan de développement de carrière | → Évaluation pour promotion | → Nouvelles responsabilités
1619,27,Research & Development,Laboratory Technician,1,0.025903470783937604,Normal,4, Satisfaction au travail faible | → Évaluation des tâches et responsabilités | → Possibilité de changement de rôle ou projet | → Formation pour développement de compétences
1621,35,Research & Development,Research Scientist,0,0.013050817103358415,Normal,4, Satisfaction au travail faible | → Évaluation des tâches et responsabilités | → Possibilité de changement de rôle ou projet | → Formation pour développement de compétences
1622,28,Research & Development,Manufacturing Director,1,0.037427646768591546,Normal,10, Satisfaction au travail faible | → Évaluation des tâches et responsabilités | → Possibilité de changement de rôle ou projet | → Formation pour développement de compétences |  Distance domicile-travail importante | → Télétravail partiel ou complet | → Aide au transport |  Faible implication au travail | → Projets stimulants et motivants | → Reconnaissance et valorisation
1623,21,Research & Development,Research Scientist,1,0.028791021303938125,Normal,3, Profil stable | → Maintenir les conditions actuelles | → Suivi de routine
1624,18,Sales,Sales Representative,1,0.9771246357182861,URGENT,7, RISQUE ÉLEVÉ D'ATTRITION | → Entretien individuel immédiat avec le manager | → Révision salariale prioritaire | → Plan de rétention personnalisé |  Salaire en dessous de la moyenne | → Révision salariale recommandée | → Bonus ou avantages supplémentaires
1625,47,Human Resources,Manager,0,0.008619222163083978,Normal,3, Distance domicile-travail importante | → Télétravail partiel ou complet | → Aide au transport
1627,39,Research & Development,Laboratory Technician,1,0.008537294164175216,Normal,3, Salaire en dessous de la moyenne | → Révision salariale recommandée | → Bonus ou avantages supplémentaires
1628,40,Research & Development,Manufacturing Director,0,0.027274350721312495,Normal,7, Insatisfaction environnement de travail | → Amélioration des conditions de travail | → Changement d'équipe ou de bureau |  Stagnation de carrière | → Plan de développement de carrière | → Évaluation pour promotion | → Nouvelles responsabilités
1630,35,Research & Development,Healthcare Representative,0,0.002046925132744691,Normal,3, Salaire en dessous de la moyenne | → Révision salariale recommandée | → Bonus ou avantages supplémentaires
1631,37,Research & Development,Manufacturing Director,1,0.02795302020012572,Normal,3, Profil stable | → Maintenir les conditions actuelles | → Suivi de routine
1633,39,Research & Development,Manufacturing Director,1,0.02727841975046661,Normal,7, Équilibre vie-travail insuffisant | → Réduction des heures supplémentaires | → Télétravail ou horaires flexibles | → Programme de bien-être |  Insatisfaction environnement de travail | → Amélioration des conditions de travail | → Changement d'équipe ou de bureau
1635,45,Research & Development,Manufacturing Director,0,0.007236054046113571,Normal,3, Profil stable | → Maintenir les conditions actuelles | → Suivi de routine
1638,38,Research & Development,Manufacturing Director,1,0.0075005425187524575,Normal,3, Salaire en dessous de la moyenne | → Révision salariale recommandée | → Bonus ou avantages supplémentaires
1639,35,Sales,Sales Executive,0,0.837662304450798,URGENT,12, RISQUE ÉLEVÉ D'ATTRITION | → Entretien individuel immédiat avec le manager | → Révision salariale prioritaire | → Plan de rétention personnalisé |  Satisfaction au travail faible | → Évaluation des tâches et responsabilités | → Possibilité de changement de rôle ou projet | → Formation pour développement de compétences |  Stagnation de carrière | → Plan de développement de carrière | → Évaluation pour promotion | → Nouvelles responsabilités
1640,37,Research & Development,Research Scientist,1,0.049868889129487344,Normal,8, Équilibre vie-travail insuffisant | → Réduction des heures supplémentaires | → Télétravail ou horaires flexibles | → Programme de bien-être |  Stagnation de carrière | → Plan de développement de carrière | → Évaluation pour promotion | → Nouvelles responsabilités
1641,40,Research & Development,Manufacturing Director,1,0.015453420982777745,Normal,6, Surcharge de travail détectée | → Redistribution de la charge de travail | → Embauche d'un support supplémentaire |  Salaire en dessous de la moyenne | → Révision salariale recommandée | → Bonus ou avantages supplémentaires
1642,44,Human Resources,Human Resources,1,0.014461057368156522,Normal,3, Insatisfaction environnement de travail | → Amélioration des conditions de travail | → Changement d'équipe ou de bureau
1644,48,Research & Development,Manager,0,0.003486535372526751,Normal,3, Profil stable | → Maintenir les conditions actuelles | → Suivi de routine
1645,35,Sales,Sales Executive,1,0.9614705640793354,URGENT,13, RISQUE ÉLEVÉ D'ATTRITION | → Entretien individuel immédiat avec le manager | → Révision salariale prioritaire | → Plan de rétention personnalisé |  Surcharge de travail détectée | → Redistribution de la charge de travail | → Embauche d'un support supplémentaire |  Insatisfaction environnement de travail | → Amélioration des conditions de travail | → Changement d'équipe ou de bureau |  Faible implication au travail | → Projets stimulants et motivants | → Reconnaissance et valorisation
1646,24,Research & Development,Research Scientist,1,0.10331494401300693,Normal,3, Insatisfaction environnement de travail | → Amélioration des conditions de travail | → Changement d'équipe ou de bureau
1647,27,Research & Development,Research Scientist,1,0.06566180220889853,Normal,3, Formation insuffisante | → Programme de formation continue | → Certifications professionnelles
1648,27,Research & Development,Research Scientist,1,0.012030642168157107,Normal,3, Formation insuffisante | → Programme de formation continue | → Certifications professionnelles
1649,40,Research & Development,Laboratory Technician,1,0.9281207604640797,URGENT,21, RISQUE ÉLEVÉ D'ATTRITION | → Entretien individuel immédiat avec le manager | → Révision salariale prioritaire | → Plan de rétention personnalisé |  Satisfaction au travail faible | → Évaluation des tâches et responsabilités | → Possibilité de changement de rôle ou projet | → Formation pour développement de compétences |  Équilibre vie-travail insuffisant | → Réduction des heures supplémentaires | → Télétravail ou horaires flexibles | → Programme de bien-être |  Surcharge de travail détectée | → Redistribution de la charge de travail | → Embauche d'un support supplémentaire |  Insatisfaction environnement de travail | → Amélioration des conditions de travail | → Changement d'équipe ou de bureau |  Salaire en dessous de la moyenne | → Révision salariale recommandée | → Bonus ou avantages supplémentaires
1650,29,Sales,Sales Executive,1,0.07454440626010178,Normal,3, Profil stable | → Maintenir les conditions actuelles | → Suivi de routine
1651,36,Research & Development,Healthcare Representative,1,0.014655429891242876,Normal,7, Satisfaction au travail faible | → Évaluation des tâches et responsabilités | → Possibilité de changement de rôle ou projet | → Formation pour développement de compétences |  Salaire en dessous de la moyenne | → Révision salariale recommandée | → Bonus ou avantages supplémentaires
1653,25,Research & Development,Manufacturing Director,1,0.004312795498197442,Normal,3, Profil stable | → Maintenir les conditions actuelles | → Suivi de routine
1654,39,Research & Development,Manufacturing Director,1,0.02104326144177816,Normal,3, Profil stable | → Maintenir les conditions actuelles | → Suivi de routine
1655,49,Research & Development,Research Director,0,0.009789125055695081,Normal,6, Insatisfaction environnement de travail | → Amélioration des conditions de travail | → Changement d'équipe ou de bureau |  Distance domicile-travail importante | → Télétravail partiel ou complet | → Aide au transport
1656,50,Research & Development,Research Director,0,0.009248726122241755,Normal,4, Satisfaction au travail faible | → Évaluation des tâches et responsabilités | → Possibilité de changement de rôle ou projet | → Formation pour développement de compétences
1657,20,Sales,Sales Representative,1,0.07792686678674428,Normal,3, Profil stable | → Maintenir les conditions actuelles | → Suivi de routine
1658,34,Research & Development,Research Scientist,0,0.003918925861743391,Normal,4, Stagnation de carrière | → Plan de développement de carrière | → Évaluation pour promotion | → Nouvelles responsabilités
1659,36,Research & Development,Laboratory Technician,1,0.06840748214783475,Normal,6, Insatisfaction environnement de travail | → Amélioration des conditions de travail | → Changement d'équipe ou de bureau |  Salaire en dessous de la moyenne | → Révision salariale recommandée | → Bonus ou avantages supplémentaires
1661,49,Research & Development,Healthcare Representative,0,0.005629591453585464,Normal,3, Profil stable | → Maintenir les conditions actuelles | → Suivi de routine
1662,36,Research & Development,Manufacturing Director,1,0.004205871944912871,Normal,3, Salaire en dessous de la moyenne | → Révision salariale recommandée | → Bonus ou avantages supplémentaires
1664,36,Research & Development,Healthcare Representative,1,0.009907695674997682,Normal,4, Satisfaction au travail faible | → Évaluation des tâches et responsabilités | → Possibilité de changement de rôle ou projet | → Formation pour développement de compétences
1665,54,Research & Development,Manager,0,0.011654663442719957,Normal,3, Distance domicile-travail importante | → Télétravail partiel ou complet | → Aide au transport
1666,43,Research & Development,Research Director,0,0.007847759940822334,Normal,4, Stagnation de carrière | → Plan de développement de carrière | → Évaluation pour promotion | → Nouvelles responsabilités
1667,35,Sales,Sales Executive,0,0.93107109069736,URGENT,11, RISQUE ÉLEVÉ D'ATTRITION | → Entretien individuel immédiat avec le manager | → Révision salariale prioritaire | → Plan de rétention personnalisé |  Stagnation de carrière | → Plan de développement de carrière | → Évaluation pour promotion | → Nouvelles responsabilités |  Salaire en dessous de la moyenne | → Révision salariale recommandée | → Bonus ou avantages supplémentaires
1668,38,Research & Development,Research Scientist,0,0.006454656194435737,Normal,3, Profil stable | → Maintenir les conditions actuelles | → Suivi de routine
1669,29,Sales,Sales Executive,1,0.01554524264778337,Normal,9, Surcharge de travail détectée | → Redistribution de la charge de travail | → Embauche d'un support supplémentaire |  Insatisfaction environnement de travail | → Amélioration des conditions de travail | → Changement d'équipe ou de bureau |  Salaire en dessous de la moyenne | → Révision salariale recommandée | → Bonus ou avantages supplémentaires
1670,33,Sales,Sales Executive,1,0.004431094645056857,Normal,3, Profil stable | → Maintenir les conditions actuelles | → Suivi de routine
1671,32,Research & Development,Research Scientist,1,0.00797182195300433,Normal,3, Profil stable | → Maintenir les conditions actuelles | → Suivi de routine
1673,31,Sales,Sales Executive,1,0.04202069266531583,Normal,3, Insatisfaction environnement de travail | → Amélioration des conditions de travail | → Changement d'équipe ou de bureau
1674,49,Research & Development,Laboratory Technician,1,0.06512960293445202,Normal,7, Satisfaction au travail faible | → Évaluation des tâches et responsabilités | → Possibilité de changement de rôle ou projet | → Formation pour développement de compétences |  Surcharge de travail détectée | → Redistribution de la charge de travail | → Embauche d'un support supplémentaire
1675,38,Research & Development,Laboratory Technician,1,0.02536536558435094,Normal,3, Profil stable | → Maintenir les conditions actuelles | → Suivi de routine
1676,47,Sales,Manager,0,0.005129584487771823,Normal,3, Profil stable | → Maintenir les conditions actuelles | → Suivi de routine
1677,49,Research & Development,Manager,0,0.007420108444162234,Normal,3, Profil stable | → Maintenir les conditions actuelles | → Suivi de routine
1678,41,Sales,Sales Executive,1,0.1113703372632721,Normal,6, Salaire en dessous de la moyenne | → Révision salariale recommandée | → Bonus ou avantages supplémentaires |  Distance domicile-travail importante | → Télétravail partiel ou complet | → Aide au transport
1680,20,Sales,Sales Representative,1,0.09300202862803164,Normal,4, Satisfaction au travail faible | → Évaluation des tâches et responsabilités | → Possibilité de changement de rôle ou projet | → Formation pour développement de compétences
1681,33,Sales,Sales Executive,1,0.019111488386466622,Normal,3, Profil stable | → Maintenir les conditions actuelles | → Suivi de routine
1682,36,Research & Development,Healthcare Representative,1,0.053508420841268015,Normal,6, Insatisfaction environnement de travail | → Amélioration des conditions de travail | → Changement d'équipe ou de bureau |  Distance domicile-travail importante | → Télétravail partiel ou complet | → Aide au transport
1683,44,Human Resources,Human Resources,1,0.04314102178115197,Normal,3, Profil stable | → Maintenir les conditions actuelles | → Suivi de routine
1684,23,Research & Development,Laboratory Technician,1,0.931165560368427,URGENT,4, RISQUE ÉLEVÉ D'ATTRITION | → Entretien individuel immédiat avec le manager | → Révision salariale prioritaire | → Plan de rétention personnalisé
1687,38,Research & Development,Laboratory Technician,1,0.010786844450989286,Normal,3, Profil stable | → Maintenir les conditions actuelles | → Suivi de routine
1689,53,Research & Development,Healthcare Representative,1,0.015457623411598701,Normal,6, Salaire en dessous de la moyenne | → Révision salariale recommandée | → Bonus ou avantages supplémentaires |  Distance domicile-travail importante | → Télétravail partiel ou complet | → Aide au transport
1691,48,Sales,Sales Representative,0,0.8733624495318751,URGENT,8, RISQUE ÉLEVÉ D'ATTRITION | → Entretien individuel immédiat avec le manager | → Révision salariale prioritaire | → Plan de rétention personnalisé |  Stagnation de carrière | → Plan de développement de carrière | → Évaluation pour promotion | → Nouvelles responsabilités
1692,32,Research & Development,Laboratory Technician,1,0.8822071603812223,URGENT,7, RISQUE ÉLEVÉ D'ATTRITION | → Entretien individuel immédiat avec le manager | → Révision salariale prioritaire | → Plan de rétention personnalisé |  Salaire en dessous de la moyenne | → Révision salariale recommandée | → Bonus ou avantages supplémentaires
1693,26,Research & Development,Laboratory Technician,1,0.008222479649873786,Normal,3, Profil stable | → Maintenir les conditions actuelles | → Suivi de routine
1694,55,Research & Development,Research Scientist,1,0.030680865383897,Normal,9, Insatisfaction environnement de travail | → Amélioration des conditions de travail | → Changement d'équipe ou de bureau |  Formation insuffisante | → Programme de formation continue | → Certifications professionnelles |  Distance domicile-travail importante | → Télétravail partiel ou complet | → Aide au transport
1696,34,Research & Development,Laboratory Technician,0,0.010278692025318267,Normal,3, Salaire en dessous de la moyenne | → Révision salariale recommandée | → Bonus ou avantages supplémentaires
1697,60,Research & Development,Healthcare Representative,1,0.005039899927148747,Normal,3, Faible implication au travail | → Projets stimulants et motivants | → Reconnaissance et valorisation
1698,33,Research & Development,Laboratory Technician,0,0.005412713881450205,Normal,6, Salaire en dessous de la moyenne | → Révision salariale recommandée | → Bonus ou avantages supplémentaires |  Distance domicile-travail importante | → Télétravail partiel ou complet | → Aide au transport
1700,37,Sales,Sales Executive,1,0.015504969448050689,Normal,3, Faible implication au travail | → Projets stimulants et motivants | → Reconnaissance et valorisation
1701,34,Research & Development,Research Scientist,0,0.018317395326449392,Normal,4, Stagnation de carrière | → Plan de développement de carrière | → Évaluation pour promotion | → Nouvelles responsabilités
1702,23,Sales,Sales Representative,1,0.8117198156860521,URGENT,4, RISQUE ÉLEVÉ D'ATTRITION | → Entretien individuel immédiat avec le manager | → Révision salariale prioritaire | → Plan de rétention personnalisé
1703,44,Research & Development,Healthcare Representative,0,0.005710903992002819,Normal,7, Stagnation de carrière | → Plan de développement de carrière | → Évaluation pour promotion | → Nouvelles responsabilités |  Salaire en dessous de la moyenne | → Révision salariale recommandée | → Bonus ou avantages supplémentaires
1704,35,Research & Development,Research Scientist,1,0.02731919219617764,Normal,3, Insatisfaction environnement de travail | → Amélioration des conditions de travail | → Changement d'équipe ou de bureau
1706,43,Sales,Sales Executive,0,0.015556493137538213,Normal,4, Stagnation de carrière | → Plan de développement de carrière | → Évaluation pour promotion | → Nouvelles responsabilités
1707,24,Research & Development,Research Scientist,1,0.005683514119009644,Normal,3, Formation insuffisante | → Programme de formation continue | → Certifications professionnelles
1708,41,Sales,Sales Executive,0,0.058751343683942595,Normal,4, Stagnation de carrière | → Plan de développement de carrière | → Évaluation pour promotion | → Nouvelles responsabilités
1709,29,Research & Development,Laboratory Technician,1,0.016210153955972435,Normal,3, Profil stable | → Maintenir les conditions actuelles | → Suivi de routine
1710,36,Sales,Sales Representative,0,0.023793205651399852,Normal,7, Stagnation de carrière | → Plan de développement de carrière | → Évaluation pour promotion | → Nouvelles responsabilités |  Salaire en dessous de la moyenne | → Révision salariale recommandée | → Bonus ou avantages supplémentaires
1712,45,Research & Development,Healthcare Representative,0,0.0029065487969011277,Normal,4, Stagnation de carrière | → Plan de développement de carrière | → Évaluation pour promotion | → Nouvelles responsabilités
1714,24,Human Resources,Human Resources,1,0.8871973924454335,URGENT,13, RISQUE ÉLEVÉ D'ATTRITION | → Entretien individuel immédiat avec le manager | → Révision salariale prioritaire | → Plan de rétention personnalisé |  Salaire en dessous de la moyenne | → Révision salariale recommandée | → Bonus ou avantages supplémentaires |  Distance domicile-travail importante | → Télétravail partiel ou complet | → Aide au transport |  Faible implication au travail | → Projets stimulants et motivants | → Reconnaissance et valorisation
1716,47,Sales,Sales Executive,0,0.9468151262257437,URGENT,15, RISQUE ÉLEVÉ D'ATTRITION | → Entretien individuel immédiat avec le manager | → Révision salariale prioritaire | → Plan de rétention personnalisé |  Équilibre vie-travail insuffisant | → Réduction des heures supplémentaires | → Télétravail ou horaires flexibles | → Programme de bien-être |  Stagnation de carrière | → Plan de développement de carrière | → Évaluation pour promotion | → Nouvelles responsabilités |  Faible implication au travail | → Projets stimulants et motivants | → Reconnaissance et valorisation
1718,26,Research & Development,Laboratory Technician,1,0.019179217165658388,Normal,6, Salaire en dessous de la moyenne | → Révision salariale recommandée | → Bonus ou avantages supplémentaires |  Faible implication au travail | → Projets stimulants et motivants | → Reconnaissance et valorisation
1719,45,Research & Development,Research Director,0,0.015935230322470746,Normal,7, Stagnation de carrière | → Plan de développement de carrière | → Évaluation pour promotion | → Nouvelles responsabilités |  Distance domicile-travail importante | → Télétravail partiel ou complet | → Aide au transport
1720,32,Research & Development,Research Scientist,1,0.05706712681650741,Normal,3, Insatisfaction environnement de travail | → Amélioration des conditions de travail | → Changement d'équipe ou de bureau
1721,31,Research & Development,Laboratory Technician,1,0.01117288771892671,Normal,3, Profil stable | → Maintenir les conditions actuelles | → Suivi de routine
1722,41,Human Resources,Human Resources,1,0.004945547511394324,Normal,3, Faible implication au travail | → Projets stimulants et motivants | → Reconnaissance et valorisation
1724,40,Research & Development,Manufacturing Director,1,0.012658373519320058,Normal,4, Satisfaction au travail faible | → Évaluation des tâches et responsabilités | → Possibilité de changement de rôle ou projet | → Formation pour développement de compétences
1725,24,Research & Development,Laboratory Technician,1,0.04065442300862794,Normal,7, Satisfaction au travail faible | → Évaluation des tâches et responsabilités | → Possibilité de changement de rôle ou projet | → Formation pour développement de compétences |  Distance domicile-travail importante | → Télétravail partiel ou complet | → Aide au transport
1727,46,Research & Development,Healthcare Representative,0,0.01205589116528076,Normal,3, Profil stable | → Maintenir les conditions actuelles | → Suivi de routine
1728,35,Research & Development,Manufacturing Director,0,0.006732859253944468,Normal,3, Distance domicile-travail importante | → Télétravail partiel ou complet | → Aide au transport
1729,30,Research & Development,Research Scientist,1,0.02310175738727312,Normal,3, Profil stable | → Maintenir les conditions actuelles | → Suivi de routine
1731,47,Sales,Sales Executive,1,0.025910816501629446,Normal,4, Équilibre vie-travail insuffisant | → Réduction des heures supplémentaires | → Télétravail ou horaires flexibles | → Programme de bien-être
1732,46,Sales,Sales Executive,0,0.01400735598595066,Normal,3, Surcharge de travail détectée | → Redistribution de la charge de travail | → Embauche d'un support supplémentaire
1733,36,Sales,Sales Executive,1,0.8619787097891896,URGENT,8, RISQUE ÉLEVÉ D'ATTRITION | → Entretien individuel immédiat avec le manager | → Révision salariale prioritaire | → Plan de rétention personnalisé |  Satisfaction au travail faible | → Évaluation des tâches et responsabilités | → Possibilité de changement de rôle ou projet | → Formation pour développement de compétences
1734,32,Sales,Sales Executive,1,0.9514102084767162,URGENT,10, RISQUE ÉLEVÉ D'ATTRITION | → Entretien individuel immédiat avec le manager | → Révision salariale prioritaire | → Plan de rétention personnalisé |  Insatisfaction environnement de travail | → Amélioration des conditions de travail | → Changement d'équipe ou de bureau |  Faible implication au travail | → Projets stimulants et motivants | → Reconnaissance et valorisation
1735,23,Research & Development,Laboratory Technician,1,0.051145535485379125,Normal,4, Équilibre vie-travail insuffisant | → Réduction des heures supplémentaires | → Télétravail ou horaires flexibles | → Programme de bien-être
1736,31,Research & Development,Manufacturing Director,1,0.035177739727753995,Normal,3, Distance domicile-travail importante | → Télétravail partiel ou complet | → Aide au transport
1737,39,Research & Development,Laboratory Technician,0,0.004684063349540941,Normal,3, Profil stable | → Maintenir les conditions actuelles | → Suivi de routine
1739,32,Sales,Sales Executive,1,0.024616532622722113,Normal,7, Équilibre vie-travail insuffisant | → Réduction des heures supplémentaires | → Télétravail ou horaires flexibles | → Programme de bien-être |  Faible implication au travail | → Projets stimulants et motivants | → Reconnaissance et valorisation
1740,40,Sales,Manager,0,0.010366294882958685,Normal,4, Stagnation de carrière | → Plan de développement de carrière | → Évaluation pour promotion | → Nouvelles responsabilités
1744,45,Human Resources,Human Resources,1,0.010721852707736191,Normal,3, Faible implication au travail | → Projets stimulants et motivants | → Reconnaissance et valorisation
1745,30,Research & Development,Research Scientist,1,0.02216677512834255,Normal,4, Satisfaction au travail faible | → Évaluation des tâches et responsabilités | → Possibilité de changement de rôle ou projet | → Formation pour développement de compétences
1746,24,Human Resources,Human Resources,1,0.05416065735295921,Normal,6, Insatisfaction environnement de travail | → Amélioration des conditions de travail | → Changement d'équipe ou de bureau |  Salaire en dessous de la moyenne | → Révision salariale recommandée | → Bonus ou avantages supplémentaires
1747,30,Human Resources,Human Resources,1,0.8595214969941279,URGENT,10, RISQUE ÉLEVÉ D'ATTRITION | → Entretien individuel immédiat avec le manager | → Révision salariale prioritaire | → Plan de rétention personnalisé |  Salaire en dessous de la moyenne | → Révision salariale recommandée | → Bonus ou avantages supplémentaires |  Formation insuffisante | → Programme de formation continue | → Certifications professionnelles
1749,31,Sales,Sales Executive,1,0.02182631808678078,Normal,3, Insatisfaction environnement de travail | → Amélioration des conditions de travail | → Changement d'équipe ou de bureau
1751,27,Research & Development,Research Scientist,1,0.022907196090836877,Normal,3, Profil stable | → Maintenir les conditions actuelles | → Suivi de routine
1752,29,Sales,Sales Representative,1,0.8864246759649952,URGENT,7, RISQUE ÉLEVÉ D'ATTRITION | → Entretien individuel immédiat avec le manager | → Révision salariale prioritaire | → Plan de rétention personnalisé |  Faible implication au travail | → Projets stimulants et motivants | → Reconnaissance et valorisation
1753,29,Research & Development,Healthcare Representative,1,0.06640284779361305,Normal,3, Profil stable | → Maintenir les conditions actuelles | → Suivi de routine
1754,30,Sales,Sales Executive,1,0.04102145893558581,Normal,7, Satisfaction au travail faible | → Évaluation des tâches et responsabilités | → Possibilité de changement de rôle ou projet | → Formation pour développement de compétences |  Salaire en dessous de la moyenne | → Révision salariale recommandée | → Bonus ou avantages supplémentaires
1755,34,Research & Development,Research Scientist,1,0.024583396396251237,Normal,3, Profil stable | → Maintenir les conditions actuelles | → Suivi de routine
1756,33,Sales,Sales Executive,0,0.017352803033017717,Normal,3, Profil stable | → Maintenir les conditions actuelles | → Suivi de routine
1757,49,Sales,Sales Executive,1,0.024500444262144122,Normal,6, Salaire en dessous de la moyenne | → Révision salariale recommandée | → Bonus ou avantages supplémentaires |  Formation insuffisante | → Programme de formation continue | → Certifications professionnelles
1758,33,Sales,Sales Executive,1,0.9254676443863608,URGENT,14, RISQUE ÉLEVÉ D'ATTRITION | → Entretien individuel immédiat avec le manager | → Révision salariale prioritaire | → Plan de rétention personnalisé |  Satisfaction au travail faible | → Évaluation des tâches et responsabilités | → Possibilité de changement de rôle ou projet | → Formation pour développement de compétences |  Surcharge de travail détectée | → Redistribution de la charge de travail | → Embauche d'un support supplémentaire |  Insatisfaction environnement de travail | → Amélioration des conditions de travail | → Changement d'équipe ou de bureau
1760,38,Research & Development,Laboratory Technician,1,0.02532731649840468,Normal,3, Profil stable | → Maintenir les conditions actuelles | → Suivi de routine
1761,31,Sales,Sales Executive,1,0.8198365672831393,URGENT,7, RISQUE ÉLEVÉ D'ATTRITION | → Entretien individuel immédiat avec le manager | → Révision salariale prioritaire | → Plan de rétention personnalisé |  Insatisfaction environnement de travail | → Amélioration des conditions de travail | → Changement d'équipe ou de bureau
1762,29,Research & Development,Research Scientist,1,0.01872930469935193,Normal,7, Satisfaction au travail faible | → Évaluation des tâches et responsabilités | → Possibilité de changement de rôle ou projet | → Formation pour développement de compétences |  Salaire en dessous de la moyenne | → Révision salariale recommandée | → Bonus ou avantages supplémentaires
1763,30,Research & Development,Healthcare Representative,1,0.00803899680987842,Normal,3, Profil stable | → Maintenir les conditions actuelles | → Suivi de routine
1764,32,Research & Development,Research Scientist,1,0.026672150155316956,Normal,3, Profil stable | → Maintenir les conditions actuelles | → Suivi de routine
1766,38,Research & Development,Healthcare Representative,1,0.016879371481377154,Normal,3, Faible implication au travail | → Projets stimulants et motivants | → Reconnaissance et valorisation
1767,43,Research & Development,Research Scientist,1,0.9414728220917252,URGENT,4, RISQUE ÉLEVÉ D'ATTRITION | → Entretien individuel immédiat avec le manager | → Révision salariale prioritaire | → Plan de rétention personnalisé
1768,42,Research & Development,Laboratory Technician,1,0.039502198462435245,Normal,3, Profil stable | → Maintenir les conditions actuelles | → Suivi de routine
1770,55,Research & Development,Research Director,0,0.010386620379945836,Normal,4, Satisfaction au travail faible | → Évaluation des tâches et responsabilités | → Possibilité de changement de rôle ou projet | → Formation pour développement de compétences
1771,33,Research & Development,Research Scientist,1,0.00919992594728648,Normal,3, Salaire en dessous de la moyenne | → Révision salariale recommandée | → Bonus ou avantages supplémentaires
1772,41,Research & Development,Laboratory Technician,1,0.013981900570051975,Normal,7, Satisfaction au travail faible | → Évaluation des tâches et responsabilités | → Possibilité de changement de rôle ou projet | → Formation pour développement de compétences |  Salaire en dessous de la moyenne | → Révision salariale recommandée | → Bonus ou avantages supplémentaires
1774,34,Sales,Sales Executive,0,0.0021296382048569943,Normal,3, Salaire en dessous de la moyenne | → Révision salariale recommandée | → Bonus ou avantages supplémentaires
1775,53,Research & Development,Manufacturing Director,0,0.00959920461424777,Normal,9, Surcharge de travail détectée | → Redistribution de la charge de travail | → Embauche d'un support supplémentaire |  Insatisfaction environnement de travail | → Amélioration des conditions de travail | → Changement d'équipe ou de bureau |  Salaire en dessous de la moyenne | → Révision salariale recommandée | → Bonus ou avantages supplémentaires
1778,43,Human Resources,Human Resources,0,0.007253398076862581,Normal,3, Profil stable | → Maintenir les conditions actuelles | → Suivi de routine
1779,34,Sales,Sales Executive,1,0.03490501241695917,Normal,3, Faible implication au travail | → Projets stimulants et motivants | → Reconnaissance et valorisation
1780,21,Sales,Sales Representative,1,0.6915057099078936,URGENT,4, RISQUE ÉLEVÉ D'ATTRITION | → Entretien individuel immédiat avec le manager | → Révision salariale prioritaire | → Plan de rétention personnalisé
1782,38,Research & Development,Laboratory Technician,1,0.009816373687363707,Normal,3, Profil stable | → Maintenir les conditions actuelles | → Suivi de routine
1783,22,Research & Development,Laboratory Technician,1,0.9138649560960773,URGENT,11, RISQUE ÉLEVÉ D'ATTRITION | → Entretien individuel immédiat avec le manager | → Révision salariale prioritaire | → Plan de rétention personnalisé |  Satisfaction au travail faible | → Évaluation des tâches et responsabilités | → Possibilité de changement de rôle ou projet | → Formation pour développement de compétences |  Salaire en dessous de la moyenne | → Révision salariale recommandée | → Bonus ou avantages supplémentaires
1784,31,Sales,Sales Executive,0,0.03439653362356417,Normal,6, Insatisfaction environnement de travail | → Amélioration des conditions de travail | → Changement d'équipe ou de bureau |  Distance domicile-travail importante | → Télétravail partiel ou complet | → Aide au transport
1786,51,Research & Development,Manager,1,0.011337652837047362,Normal,3, Insatisfaction environnement de travail | → Amélioration des conditions de travail | → Changement d'équipe ou de bureau
1787,37,Sales,Sales Executive,1,0.03073186816265566,Normal,3, Salaire en dessous de la moyenne | → Révision salariale recommandée | → Bonus ou avantages supplémentaires
1789,46,Research & Development,Research Director,0,0.01042671693154826,Normal,3, Profil stable | → Maintenir les conditions actuelles | → Suivi de routine
1790,36,Research & Development,Healthcare Representative,0,0.029638866009699404,Normal,10, Satisfaction au travail faible | → Évaluation des tâches et responsabilités | → Possibilité de changement de rôle ou projet | → Formation pour développement de compétences |  Salaire en dessous de la moyenne | → Révision salariale recommandée | → Bonus ou avantages supplémentaires |  Formation insuffisante | → Programme de formation continue | → Certifications professionnelles
1792,44,Research & Development,Research Scientist,1,0.6395155434679101,URGENT,10, RISQUE ÉLEVÉ D'ATTRITION | → Entretien individuel immédiat avec le manager | → Révision salariale prioritaire | → Plan de rétention personnalisé |  Surcharge de travail détectée | → Redistribution de la charge de travail | → Embauche d'un support supplémentaire |  Salaire en dessous de la moyenne | → Révision salariale recommandée | → Bonus ou avantages supplémentaires
1794,37,Human Resources,Human Resources,1,0.03291347698867383,Normal,3, Salaire en dessous de la moyenne | → Révision salariale recommandée | → Bonus ou avantages supplémentaires
1797,35,Sales,Sales Executive,0,0.900205850535082,URGENT,11, RISQUE ÉLEVÉ D'ATTRITION | → Entretien individuel immédiat avec le manager | → Révision salariale prioritaire | → Plan de rétention personnalisé |  Stagnation de carrière | → Plan de développement de carrière | → Évaluation pour promotion | → Nouvelles responsabilités |  Distance domicile-travail importante | → Télétravail partiel ou complet | → Aide au transport
1798,33,Research & Development,Research Scientist,0,0.015061491522304913,Normal,11, Satisfaction au travail faible | → Évaluation des tâches et responsabilités | → Possibilité de changement de rôle ou projet | → Formation pour développement de compétences |  Stagnation de carrière | → Plan de développement de carrière | → Évaluation pour promotion | → Nouvelles responsabilités |  Formation insuffisante | → Programme de formation continue | → Certifications professionnelles
1799,28,Research & Development,Research Scientist,1,0.011926964090777252,Normal,3, Salaire en dessous de la moyenne | → Révision salariale recommandée | → Bonus ou avantages supplémentaires
1800,39,Research & Development,Research Director,1,0.011650939833676687,Normal,3, Profil stable | → Maintenir les conditions actuelles | → Suivi de routine
1801,46,Sales,Sales Executive,1,0.0904551965513567,Normal,3, Distance domicile-travail importante | → Télétravail partiel ou complet | → Aide au transport
1802,40,Research & Development,Laboratory Technician,1,0.02844272045306939,Normal,4, Satisfaction au travail faible | → Évaluation des tâches et responsabilités | → Possibilité de changement de rôle ou projet | → Formation pour développement de compétences
1803,42,Research & Development,Healthcare Representative,1,0.013878627272010568,Normal,4, Satisfaction au travail faible | → Évaluation des tâches et responsabilités | → Possibilité de changement de rôle ou projet | → Formation pour développement de compétences
1804,35,Research & Development,Manufacturing Director,0,0.002182771875840326,Normal,3, Profil stable | → Maintenir les conditions actuelles | → Suivi de routine
1805,38,Human Resources,Human Resources,0,0.015078910892326651,Normal,3, Insatisfaction environnement de travail | → Amélioration des conditions de travail | → Changement d'équipe ou de bureau
1807,34,Research & Development,Laboratory Technician,1,0.4982537158492715,Moyen,6, RISQUE MOYEN D'ATTRITION | → Suivi régulier avec le manager |  Satisfaction au travail faible | → Évaluation des tâches et responsabilités | → Possibilité de changement de rôle ou projet | → Formation pour développement de compétences
1809,37,Research & Development,Manufacturing Director,1,0.8092860612170424,URGENT,15, RISQUE ÉLEVÉ D'ATTRITION | → Entretien individuel immédiat avec le manager | → Révision salariale prioritaire | → Plan de rétention personnalisé |  Satisfaction au travail faible | → Évaluation des tâches et responsabilités | → Possibilité de changement de rôle ou projet | → Formation pour développement de compétences |  Équilibre vie-travail insuffisant | → Réduction des heures supplémentaires | → Télétravail ou horaires flexibles | → Programme de bien-être |  Salaire en dessous de la moyenne | → Révision salariale recommandée | → Bonus ou avantages supplémentaires
1812,39,Sales,Sales Executive,1,0.014950679016595721,Normal,3, Salaire en dessous de la moyenne | → Révision salariale recommandée | → Bonus ou avantages supplémentaires
1813,43,Research & Development,Research Scientist,1,0.024956509617683857,Normal,3, Insatisfaction environnement de travail | → Amélioration des conditions de travail | → Changement d'équipe ou de bureau
1814,41,Research & Development,Healthcare Representative,1,0.030203303947425455,Normal,4, Équilibre vie-travail insuffisant | → Réduction des heures supplémentaires | → Télétravail ou horaires flexibles | → Programme de bien-être
1815,41,Sales,Sales Executive,0,0.009108622681004533,Normal,4, Stagnation de carrière | → Plan de développement de carrière | → Évaluation pour promotion | → Nouvelles responsabilités
1816,30,Research & Development,Manufacturing Director,1,0.0706936722425479,Normal,3, Insatisfaction environnement de travail | → Amélioration des conditions de travail | → Changement d'équipe ou de bureau
1818,26,Human Resources,Human Resources,1,0.8850994435059881,URGENT,7, RISQUE ÉLEVÉ D'ATTRITION | → Entretien individuel immédiat avec le manager | → Révision salariale prioritaire | → Plan de rétention personnalisé |  Salaire en dessous de la moyenne | → Révision salariale recommandée | → Bonus ou avantages supplémentaires
1821,46,Research & Development,Healthcare Representative,0,0.6069499112404128,URGENT,7, RISQUE ÉLEVÉ D'ATTRITION | → Entretien individuel immédiat avec le manager | → Révision salariale prioritaire | → Plan de rétention personnalisé |  Distance domicile-travail importante | → Télétravail partiel ou complet | → Aide au transport
1822,40,Research & Development,Healthcare Representative,1,0.0055678719991321245,Normal,3, Profil stable | → Maintenir les conditions actuelles | → Suivi de routine
1823,34,Sales,Sales Executive,0,0.004341640932643201,Normal,3, Profil stable | → Maintenir les conditions actuelles | → Suivi de routine
1824,58,Sales,Manager,0,0.004685157733435865,Normal,7, Stagnation de carrière | → Plan de développement de carrière | → Évaluation pour promotion | → Nouvelles responsabilités |  Formation insuffisante | → Programme de formation continue | → Certifications professionnelles
1826,35,Research & Development,Laboratory Technician,1,0.021727108785818367,Normal,6, Distance domicile-travail importante | → Télétravail partiel ou complet | → Aide au transport |  Faible implication au travail | → Projets stimulants et motivants | → Reconnaissance et valorisation
1827,47,Research & Development,Manufacturing Director,0,0.012882387839890513,Normal,4, Stagnation de carrière | → Plan de développement de carrière | → Évaluation pour promotion | → Nouvelles responsabilités
1829,40,Research & Development,Healthcare Representative,0,0.011497483483946315,Normal,11, Satisfaction au travail faible | → Évaluation des tâches et responsabilités | → Possibilité de changement de rôle ou projet | → Formation pour développement de compétences |  Stagnation de carrière | → Plan de développement de carrière | → Évaluation pour promotion | → Nouvelles responsabilités |  Salaire en dessous de la moyenne | → Révision salariale recommandée | → Bonus ou avantages supplémentaires
1830,54,Research & Development,Research Scientist,1,0.01939648445591539,Normal,3, Profil stable | → Maintenir les conditions actuelles | → Suivi de routine
1833,31,Sales,Sales Executive,1,0.03237481074656311,Normal,7, Satisfaction au travail faible | → Évaluation des tâches et responsabilités | → Possibilité de changement de rôle ou projet | → Formation pour développement de compétences |  Insatisfaction environnement de travail | → Amélioration des conditions de travail | → Changement d'équipe ou de bureau
1834,28,Research & Development,Research Scientist,1,0.0062682138992149455,Normal,4, Satisfaction au travail faible | → Évaluation des tâches et responsabilités | → Possibilité de changement de rôle ou projet | → Formation pour développement de compétences
1835,38,Sales,Sales Representative,1,0.04540184025608368,Normal,6, Surcharge de travail détectée | → Redistribution de la charge de travail | → Embauche d'un support supplémentaire |  Faible implication au travail | → Projets stimulants et motivants | → Reconnaissance et valorisation
1836,26,Sales,Sales Executive,1,0.03455381597367465,Normal,3, Salaire en dessous de la moyenne | → Révision salariale recommandée | → Bonus ou avantages supplémentaires
1837,58,Research & Development,Research Director,0,0.06547867201095209,Normal,3, Insatisfaction environnement de travail | → Amélioration des conditions de travail | → Changement d'équipe ou de bureau
1839,18,Research & Development,Research Scientist,1,0.052920583987046604,Normal,7, Équilibre vie-travail insuffisant | → Réduction des heures supplémentaires | → Télétravail ou horaires flexibles | → Programme de bien-être |  Salaire en dessous de la moyenne | → Révision salariale recommandée | → Bonus ou avantages supplémentaires
1842,31,Human Resources,Human Resources,1,0.8370103308480938,URGENT,8, RISQUE ÉLEVÉ D'ATTRITION | → Entretien individuel immédiat avec le manager | → Révision salariale prioritaire | → Plan de rétention personnalisé |  Satisfaction au travail faible | → Évaluation des tâches et responsabilités | → Possibilité de changement de rôle ou projet | → Formation pour développement de compétences
1844,29,Human Resources,Human Resources,1,0.9768588450461191,URGENT,11, RISQUE ÉLEVÉ D'ATTRITION | → Entretien individuel immédiat avec le manager | → Révision salariale prioritaire | → Plan de rétention personnalisé |  Satisfaction au travail faible | → Évaluation des tâches et responsabilités | → Possibilité de changement de rôle ou projet | → Formation pour développement de compétences |  Insatisfaction environnement de travail | → Amélioration des conditions de travail | → Changement d'équipe ou de bureau
1845,45,Sales,Sales Executive,0,0.004057356743948697,Normal,3, Profil stable | → Maintenir les conditions actuelles | → Suivi de routine
1847,36,Research & Development,Research Scientist,1,0.013236359769140464,Normal,3, Profil stable | → Maintenir les conditions actuelles | → Suivi de routine
1849,43,Sales,Sales Executive,0,0.01146402079592571,Normal,7, Insatisfaction environnement de travail | → Amélioration des conditions de travail | → Changement d'équipe ou de bureau |  Stagnation de carrière | → Plan de développement de carrière | → Évaluation pour promotion | → Nouvelles responsabilités
1850,27,Research & Development,Laboratory Technician,1,0.055757617458864074,Normal,6, Surcharge de travail détectée | → Redistribution de la charge de travail | → Embauche d'un support supplémentaire |  Salaire en dessous de la moyenne | → Révision salariale recommandée | → Bonus ou avantages supplémentaires
1852,29,Research & Development,Laboratory Technician,0,0.024514612663866626,Normal,3, Profil stable | → Maintenir les conditions actuelles | → Suivi de routine
1853,32,Sales,Sales Executive,1,0.062425707731183375,Normal,3, Salaire en dessous de la moyenne | → Révision salariale recommandée | → Bonus ou avantages supplémentaires
1854,42,Research & Development,Research Scientist,1,0.007477497215285207,Normal,3, Formation insuffisante | → Programme de formation continue | → Certifications professionnelles
1856,47,Research & Development,Laboratory Technician,1,0.04377846589032948,Normal,3, Salaire en dessous de la moyenne | → Révision salariale recommandée | → Bonus ou avantages supplémentaires
1857,46,Research & Development,Manufacturing Director,0,0.023919361402421617,Normal,3, Salaire en dessous de la moyenne | → Révision salariale recommandée | → Bonus ou avantages supplémentaires
1858,28,Human Resources,Human Resources,1,0.0036152163644519015,Normal,3, Profil stable | → Maintenir les conditions actuelles | → Suivi de routine
1859,29,Research & Development,Healthcare Representative,1,0.020643681988295637,Normal,6, Distance domicile-travail importante | → Télétravail partiel ou complet | → Aide au transport |  Faible implication au travail | → Projets stimulants et motivants | → Reconnaissance et valorisation
1860,42,Research & Development,Laboratory Technician,1,0.014606644120187784,Normal,3, Profil stable | → Maintenir les conditions actuelles | → Suivi de routine
1862,32,Sales,Sales Executive,1,0.8821099931738433,URGENT,7, RISQUE ÉLEVÉ D'ATTRITION | → Entretien individuel immédiat avec le manager | → Révision salariale prioritaire | → Plan de rétention personnalisé |  Surcharge de travail détectée | → Redistribution de la charge de travail | → Embauche d'un support supplémentaire
1863,46,Sales,Sales Executive,0,0.0027831677045099634,Normal,7, Satisfaction au travail faible | → Évaluation des tâches et responsabilités | → Possibilité de changement de rôle ou projet | → Formation pour développement de compétences |  Insatisfaction environnement de travail | → Amélioration des conditions de travail | → Changement d'équipe ou de bureau
1864,27,Sales,Sales Representative,0,0.018682181630420704,Normal,6, Salaire en dessous de la moyenne | → Révision salariale recommandée | → Bonus ou avantages supplémentaires |  Distance domicile-travail importante | → Télétravail partiel ou complet | → Aide au transport
1865,29,Human Resources,Human Resources,1,0.08410338790654673,Normal,3, Profil stable | → Maintenir les conditions actuelles | → Suivi de routine
1866,43,Research & Development,Manager,0,0.013726109737865196,Normal,7, Insatisfaction environnement de travail | → Amélioration des conditions de travail | → Changement d'équipe ou de bureau |  Stagnation de carrière | → Plan de développement de carrière | → Évaluation pour promotion | → Nouvelles responsabilités
1867,48,Research & Development,Research Director,0,0.005816067246661173,Normal,4, Stagnation de carrière | → Plan de développement de carrière | → Évaluation pour promotion | → Nouvelles responsabilités
1868,29,Research & Development,Research Scientist,1,0.9772693523701598,URGENT,10, RISQUE ÉLEVÉ D'ATTRITION | → Entretien individuel immédiat avec le manager | → Révision salariale prioritaire | → Plan de rétention personnalisé |  Surcharge de travail détectée | → Redistribution de la charge de travail | → Embauche d'un support supplémentaire |  Distance domicile-travail importante | → Télétravail partiel ou complet | → Aide au transport
1869,46,Sales,Sales Executive,0,0.683311886440016,URGENT,7, RISQUE ÉLEVÉ D'ATTRITION | → Entretien individuel immédiat avec le manager | → Révision salariale prioritaire | → Plan de rétention personnalisé |  Salaire en dessous de la moyenne | → Révision salariale recommandée | → Bonus ou avantages supplémentaires
1870,27,Research & Development,Research Scientist,1,0.012439036118035166,Normal,8, Satisfaction au travail faible | → Évaluation des tâches et responsabilités | → Possibilité de changement de rôle ou projet | → Formation pour développement de compétences |  Stagnation de carrière | → Plan de développement de carrière | → Évaluation pour promotion | → Nouvelles responsabilités
1871,39,Research & Development,Research Scientist,1,0.023316259268855614,Normal,3, Salaire en dessous de la moyenne | → Révision salariale recommandée | → Bonus ou avantages supplémentaires
1873,55,Research & Development,Research Scientist,1,0.03690651826126703,Normal,3, Profil stable | → Maintenir les conditions actuelles | → Suivi de routine
1875,28,Sales,Sales Representative,1,0.03014615444467977,Normal,3, Profil stable | → Maintenir les conditions actuelles | → Suivi de routine
1876,30,Sales,Sales Representative,1,0.9273780396087961,URGENT,7, RISQUE ÉLEVÉ D'ATTRITION | → Entretien individuel immédiat avec le manager | → Révision salariale prioritaire | → Plan de rétention personnalisé |  Salaire en dessous de la moyenne | → Révision salariale recommandée | → Bonus ou avantages supplémentaires
1878,22,Research & Development,Research Scientist,1,0.9743207904452671,URGENT,4, RISQUE ÉLEVÉ D'ATTRITION | → Entretien individuel immédiat avec le manager | → Révision salariale prioritaire | → Plan de rétention personnalisé
1880,36,Sales,Sales Executive,0,0.08245394653714652,Normal,3, Profil stable | → Maintenir les conditions actuelles | → Suivi de routine
1881,31,Research & Development,Laboratory Technician,1,0.029335523732342755,Normal,3, Salaire en dessous de la moyenne | → Révision salariale recommandée | → Bonus ou avantages supplémentaires
1882,34,Sales,Sales Executive,1,0.02082626471060144,Normal,3, Profil stable | → Maintenir les conditions actuelles | → Suivi de routine
1883,29,Research & Development,Laboratory Technician,1,0.05422089202248884,Normal,7, Satisfaction au travail faible | → Évaluation des tâches et responsabilités | → Possibilité de changement de rôle ou projet | → Formation pour développement de compétences |  Salaire en dessous de la moyenne | → Révision salariale recommandée | → Bonus ou avantages supplémentaires
1885,37,Research & Development,Research Scientist,1,0.010775960201907844,Normal,7, Satisfaction au travail faible | → Évaluation des tâches et responsabilités | → Possibilité de changement de rôle ou projet | → Formation pour développement de compétences |  Salaire en dessous de la moyenne | → Révision salariale recommandée | → Bonus ou avantages supplémentaires
1886,35,Research & Development,Manufacturing Director,1,0.036167149691674214,Normal,3, Profil stable | → Maintenir les conditions actuelles | → Suivi de routine
1888,45,Research & Development,Manufacturing Director,0,0.01265770427757759,Normal,3, Distance domicile-travail importante | → Télétravail partiel ou complet | → Aide au transport
1890,36,Human Resources,Human Resources,1,0.01085316608753472,Normal,3, Salaire en dessous de la moyenne | → Révision salariale recommandée | → Bonus ou avantages supplémentaires
1892,40,Research & Development,Manager,0,0.013112739071362584,Normal,11, Satisfaction au travail faible | → Évaluation des tâches et responsabilités | → Possibilité de changement de rôle ou projet | → Formation pour développement de compétences |  Insatisfaction environnement de travail | → Amélioration des conditions de travail | → Changement d'équipe ou de bureau |  Stagnation de carrière | → Plan de développement de carrière | → Évaluation pour promotion | → Nouvelles responsabilités
1893,26,Research & Development,Research Scientist,1,0.12126147134836608,Normal,3, Surcharge de travail détectée | → Redistribution de la charge de travail | → Embauche d'un support supplémentaire
1898,27,Sales,Sales Executive,1,0.008877128396240587,Normal,3, Insatisfaction environnement de travail | → Amélioration des conditions de travail | → Changement d'équipe ou de bureau
1900,48,Research & Development,Manager,0,0.004705931849874704,Normal,3, Distance domicile-travail importante | → Télétravail partiel ou complet | → Aide au transport
1903,44,Research & Development,Healthcare Representative,1,0.006899411066504004,Normal,4, Satisfaction au travail faible | → Évaluation des tâches et responsabilités | → Possibilité de changement de rôle ou projet | → Formation pour développement de compétences
1905,34,Research & Development,Research Scientist,1,0.9250040992511042,URGENT,14, RISQUE ÉLEVÉ D'ATTRITION | → Entretien individuel immédiat avec le manager | → Révision salariale prioritaire | → Plan de rétention personnalisé |  Satisfaction au travail faible | → Évaluation des tâches et responsabilités | → Possibilité de changement de rôle ou projet | → Formation pour développement de compétences |  Salaire en dessous de la moyenne | → Révision salariale recommandée | → Bonus ou avantages supplémentaires |  Faible implication au travail | → Projets stimulants et motivants | → Reconnaissance et valorisation
1907,56,Research & Development,Laboratory Technician,1,0.7781720037074089,URGENT,10, RISQUE ÉLEVÉ D'ATTRITION | → Entretien individuel immédiat avec le manager | → Révision salariale prioritaire | → Plan de rétention personnalisé |  Insatisfaction environnement de travail | → Amélioration des conditions de travail | → Changement d'équipe ou de bureau |  Distance domicile-travail importante | → Télétravail partiel ou complet | → Aide au transport
1908,36,Sales,Sales Executive,1,0.015221915867444778,Normal,7, Équilibre vie-travail insuffisant | → Réduction des heures supplémentaires | → Télétravail ou horaires flexibles | → Programme de bien-être |  Formation insuffisante | → Programme de formation continue | → Certifications professionnelles
1909,41,Sales,Sales Executive,1,0.010953752876741238,Normal,3, Salaire en dessous de la moyenne | → Révision salariale recommandée | → Bonus ou avantages supplémentaires
1911,42,Research & Development,Research Director,0,0.026425299266381094,Normal,4, Satisfaction au travail faible | → Évaluation des tâches et responsabilités | → Possibilité de changement de rôle ou projet | → Formation pour développement de compétences
1912,31,Sales,Sales Executive,1,0.01857390721869555,Normal,3, Profil stable | → Maintenir les conditions actuelles | → Suivi de routine
1915,34,Sales,Sales Executive,1,0.03234933315120201,Normal,3, Surcharge de travail détectée | → Redistribution de la charge de travail | → Embauche d'un support supplémentaire
1916,31,Research & Development,Laboratory Technician,1,0.02982673354990642,Normal,6, Insatisfaction environnement de travail | → Amélioration des conditions de travail | → Changement d'équipe ou de bureau |  Formation insuffisante | → Programme de formation continue | → Certifications professionnelles
1918,26,Research & Development,Laboratory Technician,1,0.058443907047096344,Normal,4, Stagnation de carrière | → Plan de développement de carrière | → Évaluation pour promotion | → Nouvelles responsabilités
1922,45,Research & Development,Healthcare Representative,1,0.01563638896550202,Normal,3, Profil stable | → Maintenir les conditions actuelles | → Suivi de routine
1924,33,Sales,Sales Executive,1,0.03323975756326441,Normal,3, Profil stable | → Maintenir les conditions actuelles | → Suivi de routine
1927,28,Sales,Sales Executive,1,0.01854394035746415,Normal,3, Profil stable | → Maintenir les conditions actuelles | → Suivi de routine
1928,29,Sales,Sales Representative,1,0.9742166244151574,URGENT,14, RISQUE ÉLEVÉ D'ATTRITION | → Entretien individuel immédiat avec le manager | → Révision salariale prioritaire | → Plan de rétention personnalisé |  Satisfaction au travail faible | → Évaluation des tâches et responsabilités | → Possibilité de changement de rôle ou projet | → Formation pour développement de compétences |  Salaire en dessous de la moyenne | → Révision salariale recommandée | → Bonus ou avantages supplémentaires |  Distance domicile-travail importante | → Télétravail partiel ou complet | → Aide au transport
1929,39,Sales,Sales Executive,1,0.016646932219783413,Normal,12, Insatisfaction environnement de travail | → Amélioration des conditions de travail | → Changement d'équipe ou de bureau |  Formation insuffisante | → Programme de formation continue | → Certifications professionnelles |  Distance domicile-travail importante | → Télétravail partiel ou complet | → Aide au transport |  Faible implication au travail | → Projets stimulants et motivants | → Reconnaissance et valorisation
1931,27,Research & Development,Research Scientist,1,0.03998173425041858,Normal,3, Salaire en dessous de la moyenne | → Révision salariale recommandée | → Bonus ou avantages supplémentaires
1932,34,Research & Development,Research Scientist,0,0.016922243007493332,Normal,7, Stagnation de carrière | → Plan de développement de carrière | → Évaluation pour promotion | → Nouvelles responsabilités |  Distance domicile-travail importante | → Télétravail partiel ou complet | → Aide au transport
1933,28,Sales,Sales Executive,1,0.9567380360847835,URGENT,7, RISQUE ÉLEVÉ D'ATTRITION | → Entretien individuel immédiat avec le manager | → Révision salariale prioritaire | → Plan de rétention personnalisé |  Formation insuffisante | → Programme de formation continue | → Certifications professionnelles
1934,47,Research & Development,Research Scientist,0,0.011723043110592784,Normal,3, Profil stable | → Maintenir les conditions actuelles | → Suivi de routine
1935,56,Sales,Sales Executive,1,0.016605392478035195,Normal,4, Satisfaction au travail faible | → Évaluation des tâches et responsabilités | → Possibilité de changement de rôle ou projet | → Formation pour développement de compétences
1936,39,Research & Development,Manufacturing Director,0,0.01900085470979638,Normal,11, Satisfaction au travail faible | → Évaluation des tâches et responsabilités | → Possibilité de changement de rôle ou projet | → Formation pour développement de compétences |  Insatisfaction environnement de travail | → Amélioration des conditions de travail | → Changement d'équipe ou de bureau |  Stagnation de carrière | → Plan de développement de carrière | → Évaluation pour promotion | → Nouvelles responsabilités
1937,38,Research & Development,Research Scientist,0,0.0345561915172101,Normal,3, Salaire en dessous de la moyenne | → Révision salariale recommandée | → Bonus ou avantages supplémentaires
1938,58,Sales,Manager,0,0.00962661284592034,Normal,6, Surcharge de travail détectée | → Redistribution de la charge de travail | → Embauche d'un support supplémentaire |  Distance domicile-travail importante | → Télétravail partiel ou complet | → Aide au transport
1939,32,Research & Development,Research Scientist,1,0.9360041274528782,URGENT,7, RISQUE ÉLEVÉ D'ATTRITION | → Entretien individuel immédiat avec le manager | → Révision salariale prioritaire | → Plan de rétention personnalisé |  Insatisfaction environnement de travail | → Amélioration des conditions de travail | → Changement d'équipe ou de bureau
1940,38,Research & Development,Research Scientist,1,0.006669846455170205,Normal,3, Formation insuffisante | → Programme de formation continue | → Certifications professionnelles
1941,49,Research & Development,Research Director,0,0.004378066466703603,Normal,3, Profil stable | → Maintenir les conditions actuelles | → Suivi de routine
1943,42,Sales,Sales Executive,1,0.029910193079527414,Normal,3, Profil stable | → Maintenir les conditions actuelles | → Suivi de routine
1944,27,Human Resources,Human Resources,1,0.9898890483554813,URGENT,10, RISQUE ÉLEVÉ D'ATTRITION | → Entretien individuel immédiat avec le manager | → Révision salariale prioritaire | → Plan de rétention personnalisé |  Insatisfaction environnement de travail | → Amélioration des conditions de travail | → Changement d'équipe ou de bureau |  Distance domicile-travail importante | → Télétravail partiel ou complet | → Aide au transport
1945,35,Sales,Sales Executive,1,0.02459102889585576,Normal,8, Satisfaction au travail faible | → Évaluation des tâches et responsabilités | → Possibilité de changement de rôle ou projet | → Formation pour développement de compétences |  Équilibre vie-travail insuffisant | → Réduction des heures supplémentaires | → Télétravail ou horaires flexibles | → Programme de bien-être
1947,28,Research & Development,Research Scientist,1,0.02178350288374621,Normal,3, Salaire en dessous de la moyenne | → Révision salariale recommandée | → Bonus ou avantages supplémentaires
1948,31,Research & Development,Research Scientist,1,0.021929618422516145,Normal,4, Satisfaction au travail faible | → Évaluation des tâches et responsabilités | → Possibilité de changement de rôle ou projet | → Formation pour développement de compétences
1949,36,Research & Development,Laboratory Technician,1,0.014316672569407005,Normal,3, Insatisfaction environnement de travail | → Amélioration des conditions de travail | → Changement d'équipe ou de bureau
1950,34,Sales,Sales Executive,0,0.032617737725483334,Normal,3, Insatisfaction environnement de travail | → Amélioration des conditions de travail | → Changement d'équipe ou de bureau
1951,34,Sales,Sales Executive,1,0.018064002094569685,Normal,3, Profil stable | → Maintenir les conditions actuelles | → Suivi de routine
1952,26,Research & Development,Laboratory Technician,1,0.028734765044911823,Normal,8, Satisfaction au travail faible | → Évaluation des tâches et responsabilités | → Possibilité de changement de rôle ou projet | → Formation pour développement de compétences |  Stagnation de carrière | → Plan de développement de carrière | → Évaluation pour promotion | → Nouvelles responsabilités
1954,29,Research & Development,Healthcare Representative,1,0.020694576165249192,Normal,7, Satisfaction au travail faible | → Évaluation des tâches et responsabilités | → Possibilité de changement de rôle ou projet | → Formation pour développement de compétences |  Insatisfaction environnement de travail | → Amélioration des conditions de travail | → Changement d'équipe ou de bureau
1955,32,Research & Development,Healthcare Representative,1,0.00831281486182341,Normal,3, Profil stable | → Maintenir les conditions actuelles | → Suivi de routine
1956,31,Research & Development,Research Scientist,0,0.04072575012830457,Normal,11, Satisfaction au travail faible | → Évaluation des tâches et responsabilités | → Possibilité de changement de rôle ou projet | → Formation pour développement de compétences |  Stagnation de carrière | → Plan de développement de carrière | → Évaluation pour promotion | → Nouvelles responsabilités |  Faible implication au travail | → Projets stimulants et motivants | → Reconnaissance et valorisation
1960,28,Research & Development,Laboratory Technician,1,0.8008132579204774,URGENT,7, RISQUE ÉLEVÉ D'ATTRITION | → Entretien individuel immédiat avec le manager | → Révision salariale prioritaire | → Plan de rétention personnalisé |  Salaire en dessous de la moyenne | → Révision salariale recommandée | → Bonus ou avantages supplémentaires
1961,38,Sales,Sales Representative,1,0.10265648612696023,Normal,7, Satisfaction au travail faible | → Évaluation des tâches et responsabilités | → Possibilité de changement de rôle ou projet | → Formation pour développement de compétences |  Insatisfaction environnement de travail | → Amélioration des conditions de travail | → Changement d'équipe ou de bureau
1962,35,Sales,Sales Executive,0,0.019609923935939022,Normal,3, Profil stable | → Maintenir les conditions actuelles | → Suivi de routine
1965,27,Sales,Sales Executive,1,0.013135440736659466,Normal,3, Salaire en dessous de la moyenne | → Révision salariale recommandée | → Bonus ou avantages supplémentaires
1966,32,Research & Development,Manufacturing Director,1,0.027813337810067264,Normal,3, Formation insuffisante | → Programme de formation continue | → Certifications professionnelles
1967,31,Sales,Sales Executive,1,0.8604743712425648,URGENT,10, RISQUE ÉLEVÉ D'ATTRITION | → Entretien individuel immédiat avec le manager | → Révision salariale prioritaire | → Plan de rétention personnalisé |  Insatisfaction environnement de travail | → Amélioration des conditions de travail | → Changement d'équipe ou de bureau |  Distance domicile-travail importante | → Télétravail partiel ou complet | → Aide au transport
1968,53,Sales,Sales Executive,1,0.9789325250412418,URGENT,17, RISQUE ÉLEVÉ D'ATTRITION | → Entretien individuel immédiat avec le manager | → Révision salariale prioritaire | → Plan de rétention personnalisé |  Satisfaction au travail faible | → Évaluation des tâches et responsabilités | → Possibilité de changement de rôle ou projet | → Formation pour développement de compétences |  Surcharge de travail détectée | → Redistribution de la charge de travail | → Embauche d'un support supplémentaire |  Insatisfaction environnement de travail | → Amélioration des conditions de travail | → Changement d'équipe ou de bureau |  Distance domicile-travail importante | → Télétravail partiel ou complet | → Aide au transport
1969,54,Research & Development,Research Scientist,1,0.03769144873871393,Normal,6, Insatisfaction environnement de travail | → Amélioration des conditions de travail | → Changement d'équipe ou de bureau |  Salaire en dessous de la moyenne | → Révision salariale recommandée | → Bonus ou avantages supplémentaires
1970,33,Research & Development,Healthcare Representative,0,0.009423460995119258,Normal,3, Profil stable | → Maintenir les conditions actuelles | → Suivi de routine
1971,43,Research & Development,Healthcare Representative,0,0.014809350330906685,Normal,9, Insatisfaction environnement de travail | → Amélioration des conditions de travail | → Changement d'équipe ou de bureau |  Salaire en dessous de la moyenne | → Révision salariale recommandée | → Bonus ou avantages supplémentaires |  Formation insuffisante | → Programme de formation continue | → Certifications professionnelles
1972,38,Human Resources,Human Resources,1,0.02910407875644369,Normal,3, Profil stable | → Maintenir les conditions actuelles | → Suivi de routine
1973,55,Human Resources,Manager,0,0.019512671131006756,Normal,6, Formation insuffisante | → Programme de formation continue | → Certifications professionnelles |  Distance domicile-travail importante | → Télétravail partiel ou complet | → Aide au transport
1974,31,Research & Development,Laboratory Technician,1,0.09521594241415175,Normal,6, Salaire en dessous de la moyenne | → Révision salariale recommandée | → Bonus ou avantages supplémentaires |  Faible implication au travail | → Projets stimulants et motivants | → Reconnaissance et valorisation
1975,39,Sales,Sales Executive,0,0.05501480787219735,Normal,8, Satisfaction au travail faible | → Évaluation des tâches et responsabilités | → Possibilité de changement de rôle ou projet | → Formation pour développement de compétences |  Stagnation de carrière | → Plan de développement de carrière | → Évaluation pour promotion | → Nouvelles responsabilités
1976,42,Research & Development,Research Scientist,0,0.006159003803654258,Normal,6, Salaire en dessous de la moyenne | → Révision salariale recommandée | → Bonus ou avantages supplémentaires |  Distance domicile-travail importante | → Télétravail partiel ou complet | → Aide au transport
1979,31,Research & Development,Research Director,0,0.0031952453270390896,Normal,3, Profil stable | → Maintenir les conditions actuelles | → Suivi de routine
1980,54,Research & Development,Manufacturing Director,1,0.023113330455917933,Normal,7, Satisfaction au travail faible | → Évaluation des tâches et responsabilités | → Possibilité de changement de rôle ou projet | → Formation pour développement de compétences |  Salaire en dessous de la moyenne | → Révision salariale recommandée | → Bonus ou avantages supplémentaires
1981,24,Research & Development,Healthcare Representative,1,0.0220147802501409,Normal,3, Profil stable | → Maintenir les conditions actuelles | → Suivi de routine
1982,23,Research & Development,Laboratory Technician,1,0.012578445299172025,Normal,3, Profil stable | → Maintenir les conditions actuelles | → Suivi de routine
1985,40,Research & Development,Laboratory Technician,0,0.020312048869205016,Normal,4, Stagnation de carrière | → Plan de développement de carrière | → Évaluation pour promotion | → Nouvelles responsabilités
1986,40,Sales,Sales Executive,0,0.0053237191298579,Normal,3, Profil stable | → Maintenir les conditions actuelles | → Suivi de routine
1987,25,Human Resources,Human Resources,1,0.04397230061754632,Normal,3, Salaire en dessous de la moyenne | → Révision salariale recommandée | → Bonus ou avantages supplémentaires
1989,30,Research & Development,Laboratory Technician,0,0.01675491839636335,Normal,3, Profil stable | → Maintenir les conditions actuelles | → Suivi de routine
1992,25,Research & Development,Laboratory Technician,1,0.0678914567681058,Normal,3, Surcharge de travail détectée | → Redistribution de la charge de travail | → Embauche d'un support supplémentaire
1993,47,Research & Development,Healthcare Representative,0,0.037630379473225534,Normal,13, Insatisfaction environnement de travail | → Amélioration des conditions de travail | → Changement d'équipe ou de bureau |  Stagnation de carrière | → Plan de développement de carrière | → Évaluation pour promotion | → Nouvelles responsabilités |  Salaire en dessous de la moyenne | → Révision salariale recommandée | → Bonus ou avantages supplémentaires |  Distance domicile-travail importante | → Télétravail partiel ou complet | → Aide au transport
1994,33,Research & Development,Laboratory Technician,1,0.020533642986756227,Normal,3, Salaire en dessous de la moyenne | → Révision salariale recommandée | → Bonus ou avantages supplémentaires
1995,38,Sales,Sales Executive,0,0.0063663733702516,Normal,3, Salaire en dessous de la moyenne | → Révision salariale recommandée | → Bonus ou avantages supplémentaires
1996,31,Sales,Sales Representative,1,0.041907638821405045,Normal,6, Insatisfaction environnement de travail | → Amélioration des conditions de travail | → Changement d'équipe ou de bureau |  Formation insuffisante | → Programme de formation continue | → Certifications professionnelles
1997,38,Research & Development,Manufacturing Director,0,0.035415642324800815,Normal,10, Insatisfaction environnement de travail | → Amélioration des conditions de travail | → Changement d'équipe ou de bureau |  Stagnation de carrière | → Plan de développement de carrière | → Évaluation pour promotion | → Nouvelles responsabilités |  Formation insuffisante | → Programme de formation continue | → Certifications professionnelles
1998,42,Research & Development,Research Scientist,1,0.026779303173451813,Normal,7, Satisfaction au travail faible | → Évaluation des tâches et responsabilités | → Possibilité de changement de rôle ou projet | → Formation pour développement de compétences |  Surcharge de travail détectée | → Redistribution de la charge de travail | → Embauche d'un support supplémentaire
1999,41,Research & Development,Research Scientist,1,0.012267535389174841,Normal,3, Profil stable | → Maintenir les conditions actuelles | → Suivi de routine
2000,47,Research & Development,Research Director,0,0.00451533295929682,Normal,4, Équilibre vie-travail insuffisant | → Réduction des heures supplémentaires | → Télétravail ou horaires flexibles | → Programme de bien-être
2003,35,Research & Development,Laboratory Technician,1,0.0680237276204897,Normal,3, Profil stable | → Maintenir les conditions actuelles | → Suivi de routine
2007,22,Research & Development,Research Scientist,1,0.017121596260799198,Normal,3, Profil stable | → Maintenir les conditions actuelles | → Suivi de routine
2008,35,Research & Development,Research Scientist,1,0.010838068016712242,Normal,3, Profil stable | → Maintenir les conditions actuelles | → Suivi de routine
2009,33,Research & Development,Healthcare Representative,1,0.058737852833937475,Normal,4, Stagnation de carrière | → Plan de développement de carrière | → Évaluation pour promotion | → Nouvelles responsabilités
2010,32,Research & Development,Laboratory Technician,1,0.02787194352023688,Normal,3, Distance domicile-travail importante | → Télétravail partiel ou complet | → Aide au transport
2012,40,Research & Development,Laboratory Technician,1,0.02052274324342499,Normal,6, Insatisfaction environnement de travail | → Amélioration des conditions de travail | → Changement d'équipe ou de bureau |  Salaire en dessous de la moyenne | → Révision salariale recommandée | → Bonus ou avantages supplémentaires
2013,32,Sales,Sales Representative,1,0.028481541343322803,Normal,3, Profil stable | → Maintenir les conditions actuelles | → Suivi de routine
2014,39,Research & Development,Research Scientist,0,0.031235597771968052,Normal,9, Insatisfaction environnement de travail | → Amélioration des conditions de travail | → Changement d'équipe ou de bureau |  Salaire en dessous de la moyenne | → Révision salariale recommandée | → Bonus ou avantages supplémentaires |  Distance domicile-travail importante | → Télétravail partiel ou complet | → Aide au transport
2015,38,Research & Development,Research Director,0,0.01957968982169659,Normal,3, Faible implication au travail | → Projets stimulants et motivants | → Reconnaissance et valorisation
2016,32,Sales,Sales Executive,0,0.010820912327844517,Normal,3, Profil stable | → Maintenir les conditions actuelles | → Suivi de routine
2017,37,Research & Development,Research Director,0,0.005717566014437679,Normal,4, Stagnation de carrière | → Plan de développement de carrière | → Évaluation pour promotion | → Nouvelles responsabilités
2018,25,Sales,Sales Executive,1,0.03734158391074344,Normal,6, Surcharge de travail détectée | → Redistribution de la charge de travail | → Embauche d'un support supplémentaire |  Insatisfaction environnement de travail | → Amélioration des conditions de travail | → Changement d'équipe ou de bureau
2019,52,Sales,Sales Representative,1,0.0180894899631129,Normal,6, Insatisfaction environnement de travail | → Amélioration des conditions de travail | → Changement d'équipe ou de bureau |  Distance domicile-travail importante | → Télétravail partiel ou complet | → Aide au transport
2020,44,Research & Development,Research Scientist,1,0.15027068441627828,Normal,3, Profil stable | → Maintenir les conditions actuelles | → Suivi de routine
2021,21,Sales,Sales Representative,1,0.1471551783726971,Normal,4, Satisfaction au travail faible | → Évaluation des tâches et responsabilités | → Possibilité de changement de rôle ou projet | → Formation pour développement de compétences
2022,39,Research & Development,Manager,0,0.0028246612111944925,Normal,3, Profil stable | → Maintenir les conditions actuelles | → Suivi de routine
2023,23,Sales,Sales Representative,1,0.9452515381755304,URGENT,11, RISQUE ÉLEVÉ D'ATTRITION | → Entretien individuel immédiat avec le manager | → Révision salariale prioritaire | → Plan de rétention personnalisé |  Satisfaction au travail faible | → Évaluation des tâches et responsabilités | → Possibilité de changement de rôle ou projet | → Formation pour développement de compétences |  Salaire en dessous de la moyenne | → Révision salariale recommandée | → Bonus ou avantages supplémentaires
2024,36,Sales,Sales Executive,1,0.029271446036571353,Normal,6, Insatisfaction environnement de travail | → Amélioration des conditions de travail | → Changement d'équipe ou de bureau |  Salaire en dessous de la moyenne | → Révision salariale recommandée | → Bonus ou avantages supplémentaires
2025,36,Research & Development,Manufacturing Director,1,0.02281230846309106,Normal,3, Profil stable | → Maintenir les conditions actuelles | → Suivi de routine
2026,56,Research & Development,Healthcare Representative,0,0.005967220529602913,Normal,3, Profil stable | → Maintenir les conditions actuelles | → Suivi de routine
2027,29,Research & Development,Research Scientist,1,0.83985948935785,URGENT,7, RISQUE ÉLEVÉ D'ATTRITION | → Entretien individuel immédiat avec le manager | → Révision salariale prioritaire | → Plan de rétention personnalisé |  Insatisfaction environnement de travail | → Amélioration des conditions de travail | → Changement d'équipe ou de bureau
2031,42,Research & Development,Manager,0,0.01691916031180298,Normal,3, Insatisfaction environnement de travail | → Amélioration des conditions de travail | → Changement d'équipe ou de bureau
2032,56,Research & Development,Laboratory Technician,0,0.891023574319748,URGENT,15, RISQUE ÉLEVÉ D'ATTRITION | → Entretien individuel immédiat avec le manager | → Révision salariale prioritaire | → Plan de rétention personnalisé |  Équilibre vie-travail insuffisant | → Réduction des heures supplémentaires | → Télétravail ou horaires flexibles | → Programme de bien-être |  Stagnation de carrière | → Plan de développement de carrière | → Évaluation pour promotion | → Nouvelles responsabilités |  Salaire en dessous de la moyenne | → Révision salariale recommandée | → Bonus ou avantages supplémentaires
2034,41,Research & Development,Manufacturing Director,0,0.022205449297924614,Normal,6, Insatisfaction environnement de travail | → Amélioration des conditions de travail | → Changement d'équipe ou de bureau |  Distance domicile-travail importante | → Télétravail partiel ou complet | → Aide au transport
2035,34,Sales,Sales Executive,1,0.009342129254519278,Normal,3, Distance domicile-travail importante | → Télétravail partiel ou complet | → Aide au transport
2036,36,Sales,Sales Executive,0,0.006362777440717288,Normal,7, Stagnation de carrière | → Plan de développement de carrière | → Évaluation pour promotion | → Nouvelles responsabilités |  Faible implication au travail | → Projets stimulants et motivants | → Reconnaissance et valorisation
2037,41,Sales,Sales Executive,1,0.02445114174761367,Normal,3, Profil stable | → Maintenir les conditions actuelles | → Suivi de routine
2038,32,Research & Development,Research Scientist,1,0.07245616616881467,Normal,4, Satisfaction au travail faible | → Évaluation des tâches et responsabilités | → Possibilité de changement de rôle ou projet | → Formation pour développement de compétences
2040,35,Human Resources,Human Resources,1,0.07123748457567418,Normal,3, Distance domicile-travail importante | → Télétravail partiel ou complet | → Aide au transport
2041,38,Sales,Sales Executive,0,0.022422331160952696,Normal,6, Insatisfaction environnement de travail | → Amélioration des conditions de travail | → Changement d'équipe ou de bureau |  Formation insuffisante | → Programme de formation continue | → Certifications professionnelles
2044,50,Sales,Sales Executive,1,0.6289094582747957,URGENT,4, RISQUE ÉLEVÉ D'ATTRITION | → Entretien individuel immédiat avec le manager | → Révision salariale prioritaire | → Plan de rétention personnalisé
2045,36,Sales,Sales Executive,1,0.021043574378179372,Normal,3, Profil stable | → Maintenir les conditions actuelles | → Suivi de routine
2046,45,Sales,Sales Executive,1,0.024865663546383122,Normal,3, Salaire en dessous de la moyenne | → Révision salariale recommandée | → Bonus ou avantages supplémentaires
2048,40,Research & Development,Research Scientist,1,0.0194598445725975,Normal,3, Profil stable | → Maintenir les conditions actuelles | → Suivi de routine
2049,35,Research & Development,Healthcare Representative,1,0.03525479060229952,Normal,3, Profil stable | → Maintenir les conditions actuelles | → Suivi de routine
2051,40,Research & Development,Research Scientist,1,0.009159695565294853,Normal,3, Salaire en dessous de la moyenne | → Révision salariale recommandée | → Bonus ou avantages supplémentaires
2052,35,Research & Development,Research Scientist,1,0.007010436937935517,Normal,3, Faible implication au travail | → Projets stimulants et motivants | → Reconnaissance et valorisation
2053,29,Research & Development,Laboratory Technician,1,0.05972438642924594,Normal,3, Salaire en dessous de la moyenne | → Révision salariale recommandée | → Bonus ou avantages supplémentaires
2054,29,Research & Development,Research Scientist,1,0.0968100363576218,Normal,11, Satisfaction au travail faible | → Évaluation des tâches et responsabilités | → Possibilité de changement de rôle ou projet | → Formation pour développement de compétences |  Équilibre vie-travail insuffisant | → Réduction des heures supplémentaires | → Télétravail ou horaires flexibles | → Programme de bien-être |  Distance domicile-travail importante | → Télétravail partiel ou complet | → Aide au transport
2055,50,Sales,Sales Executive,1,0.8701950872651394,URGENT,11, RISQUE ÉLEVÉ D'ATTRITION | → Entretien individuel immédiat avec le manager | → Révision salariale prioritaire | → Plan de rétention personnalisé |  Satisfaction au travail faible | → Évaluation des tâches et responsabilités | → Possibilité de changement de rôle ou projet | → Formation pour développement de compétences |  Distance domicile-travail importante | → Télétravail partiel ou complet | → Aide au transport
2056,39,Sales,Sales Executive,0,0.02205360209040776,Normal,10, Stagnation de carrière | → Plan de développement de carrière | → Évaluation pour promotion | → Nouvelles responsabilités |  Salaire en dessous de la moyenne | → Révision salariale recommandée | → Bonus ou avantages supplémentaires |  Distance domicile-travail importante | → Télétravail partiel ou complet | → Aide au transport
2057,31,Research & Development,Manufacturing Director,1,0.058421099380051536,Normal,4, Satisfaction au travail faible | → Évaluation des tâches et responsabilités | → Possibilité de changement de rôle ou projet | → Formation pour développement de compétences
2060,26,Sales,Sales Representative,1,0.07700532092662271,Normal,3, Profil stable | → Maintenir les conditions actuelles | → Suivi de routine
2061,36,Research & Development,Laboratory Technician,1,0.009267660842856433,Normal,6, Salaire en dessous de la moyenne | → Révision salariale recommandée | → Bonus ou avantages supplémentaires |  Distance domicile-travail importante | → Télétravail partiel ou complet | → Aide au transport
2062,39,Research & Development,Healthcare Representative,0,0.03460044153926865,Normal,4, Satisfaction au travail faible | → Évaluation des tâches et responsabilités | → Possibilité de changement de rôle ou projet | → Formation pour développement de compétences
2064,27,Research & Development,Manufacturing Director,1,0.013812903870834265,Normal,3, Formation insuffisante | → Programme de formation continue | → Certifications professionnelles
2065,49,Sales,Sales Executive,0,0.02217877153450129,Normal,3, Profil stable | → Maintenir les conditions actuelles | → Suivi de routine
2068,34,Research & Development,Laboratory Technician,1,0.02897342576418623,Normal,3, Salaire en dessous de la moyenne | → Révision salariale recommandée | → Bonus ou avantages supplémentaires
